{
  "resourceType" : "ValueSet",
  "id" : "eHDSIExceptionalValue-8.1.0",
  "url" : "http://terminology.ehdsi.eu/ValueSet/eHDSIExceptionalValue",
  "identifier" : [{
    "system" : "urn:ietf:rfc:3986",
    "value" : "urn:oid:1.3.6.1.4.1.12559.11.10.1.3.1.42.81"
  }],
  "version" : "8.1.0",
  "name" : "eHDSIExceptionalValue",
  "title" : "eHDSI Exceptional Value",
  "status" : "active",
  "experimental" : false,
  "date" : "2025-11-18T20:02:38+00:00",
  "publisher" : "HL7 Europe",
  "contact" : [{
    "name" : "HL7 Europe",
    "telecom" : [{
      "system" : "url",
      "value" : "http://hl7europe.org"
    }]
  }],
  "description" : "The Value Set is used to code exceptional values for the required binding in FHIR IGs",
  "compose" : {
    "include" : [{
      "system" : "http://terminology.hl7.org/CodeSystem/v3-NullFlavor",
      "concept" : [{
        "code" : "OTH",
        "display" : "other"
      },
      {
        "code" : "UNK",
        "display" : "unknown"
      },
      {
        "code" : "UNC",
        "display" : "un-encoded"
      }]
    }]
  }
}