{
  "resourceType" : "ValueSet",
  "id" : "eHDSIReferenceRangeAppliesTo-8.1.0",
  "url" : "http://terminology.ehdsi.eu/ValueSet/eHDSIReferenceRangeAppliesTo",
  "identifier" : [{
    "system" : "urn:ietf:rfc:3986",
    "value" : "urn:oid:1.3.6.1.4.1.12559.11.10.1.3.1.42.75"
  }],
  "version" : "8.1.0",
  "name" : "eHDSIReferenceRangeAppliesTo",
  "title" : "eHDSI Reference Range Applies To",
  "status" : "active",
  "experimental" : false,
  "date" : "2025-11-18T20:02:38+00:00",
  "publisher" : "HL7 Europe",
  "contact" : [{
    "name" : "HL7 Europe",
    "telecom" : [{
      "system" : "url",
      "value" : "http://hl7europe.org"
    }]
  }],
  "description" : "This value set defines a set of codes that can be used to indicate the particular target population the reference range applies to",
  "compose" : {
    "include" : [{
      "system" : "http://terminology.hl7.org/CodeSystem/sex-parameter-for-clinical-use",
      "concept" : [{
        "code" : "female-typical",
        "display" : "Apply female-typical setting or reference range"
      },
      {
        "code" : "male-typical",
        "display" : "Apply male-typical setting or reference range"
      }]
    }]
  }
}