<?xml version="1.0" encoding="UTF-8"?>

<ValueSet xmlns="http://hl7.org/fhir">
  <id value="eHDSIAdverseEventType-8.1.0"/>
  <url value="http://terminology.ehdsi.eu/ValueSet/eHDSIAdverseEventType"/>
  <identifier>
    <system value="urn:ietf:rfc:3986"/>
    <value value="urn:oid:1.3.6.1.4.1.12559.11.10.1.3.1.42.18"/>
  </identifier>
  <version value="8.1.0"/>
  <name value="eHDSIAdverseEventType"/>
  <title value="eHDSI Adverse Event Type"/>
  <status value="active"/>
  <experimental value="false"/>
  <date value="2025-11-18T20:02:38+00:00"/>
  <publisher value="HL7 Europe"/>
  <contact>
    <name value="HL7 Europe"/>
    <telecom>
      <system value="url"/>
      <value value="http://hl7europe.org"/>
    </telecom>
  </contact>
  <compose>
    <include>
      <system value="http://snomed.info/sct"/>
      <concept>
        <code value="782197009"/>
        <display value="Intolerance to substance"/>
      </concept>
      <concept>
        <code value="420134006"/>
        <display value="Propensity to adverse reaction"/>
      </concept>
      <concept>
        <code value="609328004"/>
        <display value="Allergic disposition"/>
      </concept>
    </include>
  </compose>
</ValueSet>