{
  "resourceType" : "ValueSet",
  "id" : "eHDSIReferenceRangeMeaning",
  "url" : "http://hl7europe.org/fhir/terminology/ehdsi/ValueSet/eHDSIReferenceRangeMeaning",
  "identifier" : [{
    "system" : "urn:ietf:rfc:3986",
    "value" : "urn:uuid:1.3.6.1.4.1.12559.11.10.1.3.1.42.74"
  }],
  "version" : "0.2.0",
  "name" : "eHDSIReferenceRangeMeaning",
  "title" : "eHDSI Reference Range Meaning",
  "status" : "draft",
  "experimental" : false,
  "date" : "2025-02-08T05:43:06+00:00",
  "publisher" : "HL7 Europe",
  "contact" : [{
    "name" : "HL7 Europe",
    "telecom" : [{
      "system" : "url",
      "value" : "http://hl7europe.org"
    }]
  }],
  "description" : "This value set defines a set of codes for a reference range qualifier",
  "compose" : {
    "include" : [{
      "system" : "http://terminology.hl7.org/CodeSystem/referencerange-meaning",
      "concept" : [{
        "code" : "normal",
        "display" : "Normal Range"
      },
      {
        "code" : "recommended",
        "display" : "Recommended Range"
      },
      {
        "code" : "treatment",
        "display" : "Treatment Range"
      },
      {
        "code" : "therapeutic",
        "display" : "Therapeutic Desired Level"
      },
      {
        "code" : "pre-puberty",
        "display" : "Pre-Puberty"
      },
      {
        "code" : "follicular",
        "display" : "Follicular Stage"
      },
      {
        "code" : "midcycle",
        "display" : "MidCycle"
      },
      {
        "code" : "luteal",
        "display" : "Luteal"
      },
      {
        "code" : "postmenopausal",
        "display" : "Post-Menopause"
      },
      {
        "code" : "pre",
        "display" : "Pre Therapeutic Desired Level"
      },
      {
        "code" : "post",
        "display" : "Post Therapeutic Desired Level"
      }]
    }]
  }
}