{
  "resourceType" : "ValueSet",
  "id" : "eHDSIBloodPressure",
  "url" : "http://hl7europe.org/fhir/terminology/ehdsi/ValueSet/eHDSIBloodPressure",
  "identifier" : [{
    "system" : "urn:ietf:rfc:3986",
    "value" : "urn:uuid:1.3.6.1.4.1.12559.11.10.1.3.1.42.21"
  }],
  "version" : "0.2.0",
  "name" : "eHDSIBloodPressure",
  "title" : "eHDSI Blood Pressure",
  "status" : "draft",
  "experimental" : false,
  "date" : "2025-02-08T05:43:06+00:00",
  "publisher" : "HL7 Europe",
  "contact" : [{
    "name" : "HL7 Europe",
    "telecom" : [{
      "system" : "url",
      "value" : "http://hl7europe.org"
    }]
  }],
  "description" : "The Value Set is used for the observations of Blood Pressure recorded in the section for Vital Signs Observations in the Patient Summary. It codes what type of pressure (diastolic, systolic) is measured.",
  "compose" : {
    "include" : [{
      "system" : "http://loinc.org",
      "concept" : [{
        "code" : "8462-4",
        "display" : "Diastolic blood pressure"
      },
      {
        "code" : "8480-6",
        "display" : "Systolic blood pressure"
      }]
    }]
  }
}