{
  "resourceType" : "ValueSet",
  "id" : "eHDSIRoleClass",
  "url" : "http://hl7europe.org/fhir/terminology/ehdsi/ValueSet/eHDSIRoleClass",
  "identifier" : [{
    "system" : "urn:ietf:rfc:3986",
    "value" : "urn:uuid:1.3.6.1.4.1.12559.11.10.1.3.1.42.39"
  }],
  "version" : "0.2.0",
  "name" : "eHDSIRoleClass",
  "title" : "eHDSI Role Class",
  "status" : "draft",
  "experimental" : false,
  "date" : "2025-02-08T05:43:06+00:00",
  "publisher" : "HL7 Europe",
  "contact" : [{
    "name" : "HL7 Europe",
    "telecom" : [{
      "system" : "url",
      "value" : "http://hl7europe.org"
    }]
  }],
  "description" : "The Value Set is used to make the distinction between an emergency contact and the next of kin for a patient.",
  "compose" : {
    "include" : [{
      "system" : "http://terminology.hl7.org/CodeSystem/v3-RoleClass",
      "concept" : [{
        "code" : "ECON",
        "display" : "emergency contact"
      },
      {
        "code" : "NOK",
        "display" : "next of kin"
      }]
    }]
  }
}