{
  "resourceType" : "ValueSet",
  "id" : "eHDSICertainty",
  "url" : "http://hl7europe.org/fhir/terminology/ehdsi/ValueSet/eHDSICertainty",
  "identifier" : [{
    "system" : "urn:ietf:rfc:3986",
    "value" : "urn:uuid:1.3.6.1.4.1.12559.11.10.1.3.1.42.64"
  }],
  "version" : "0.2.0",
  "name" : "eHDSICertainty",
  "title" : "eHDSI Certainty",
  "status" : "draft",
  "experimental" : false,
  "date" : "2025-02-08T05:43:06+00:00",
  "publisher" : "HL7 Europe",
  "contact" : [{
    "name" : "HL7 Europe",
    "telecom" : [{
      "system" : "url",
      "value" : "http://hl7europe.org"
    }]
  }],
  "description" : "Value Set is used to support or decline the clinical status of the condition or diagnosis",
  "compose" : {
    "include" : [{
      "system" : "http://terminology.hl7.org/CodeSystem/condition-ver-status",
      "concept" : [{
        "code" : "unconfirmed",
        "display" : "Unconfirmed"
      },
      {
        "code" : "provisional",
        "display" : "Provisional"
      },
      {
        "code" : "differential",
        "display" : "Differential"
      },
      {
        "code" : "confirmed",
        "display" : "Confirmed"
      },
      {
        "code" : "refuted",
        "display" : "Refuted"
      }]
    }]
  }
}