{
  "resourceType" : "ValueSet",
  "id" : "eHDSIBodyStructureLocation",
  "url" : "http://hl7europe.org/fhir/terminology/ehdsi/ValueSet/eHDSIBodyStructureLocation",
  "identifier" : [{
    "system" : "urn:ietf:rfc:3986",
    "value" : "urn:uuid:1.3.6.1.4.1.12559.11.10.1.3.1.42.80"
  }],
  "version" : "0.2.0",
  "name" : "eHDSIBodyStructureLocation",
  "title" : "eHDSI Body Structure Location Qualifier",
  "status" : "draft",
  "experimental" : false,
  "date" : "2025-02-08T05:43:06+00:00",
  "publisher" : "HL7 Europe",
  "contact" : [{
    "name" : "HL7 Europe",
    "telecom" : [{
      "system" : "url",
      "value" : "http://hl7europe.org"
    }]
  }],
  "description" : "This Value Set is used for the body structure location qualifier. Concepts modifying the anatomic location.",
  "compose" : {
    "include" : [{
      "system" : "http://snomed.info/sct",
      "concept" : [{
        "code" : "49370004",
        "display" : "Lateral"
      },
      {
        "code" : "264217000",
        "display" : "Superior"
      },
      {
        "code" : "261089000",
        "display" : "Inferior"
      },
      {
        "code" : "255551008",
        "display" : "Posterior"
      },
      {
        "code" : "7771000",
        "display" : "Left"
      },
      {
        "code" : "24028007",
        "display" : "Right"
      },
      {
        "code" : "261183002",
        "display" : "Upper"
      },
      {
        "code" : "261122009",
        "display" : "Lower"
      },
      {
        "code" : "255561001",
        "display" : "Medial"
      },
      {
        "code" : "46053002",
        "display" : "Distal"
      },
      {
        "code" : "40415009",
        "display" : "Proximal"
      },
      {
        "code" : "255549009",
        "display" : "Anterior"
      },
      {
        "code" : "26283006",
        "display" : "Superficial"
      },
      {
        "code" : "795002",
        "display" : "Deep"
      },
      {
        "code" : "57195005",
        "display" : "Basal"
      },
      {
        "code" : "3583002",
        "display" : "Caudal"
      },
      {
        "code" : "66787007",
        "display" : "Cephalic"
      }]
    }]
  }
}