{
  "resourceType" : "ValueSet",
  "id" : "eHDSIAllergyStatus",
  "url" : "http://hl7europe.org/fhir/terminology/ehdsi/ValueSet/eHDSIAllergyStatus",
  "identifier" : [{
    "system" : "urn:ietf:rfc:3986",
    "value" : "urn:uuid:1.3.6.1.4.1.12559.11.10.1.3.1.42.59"
  }],
  "version" : "0.2.0",
  "name" : "eHDSIAllergyStatus",
  "title" : "eHDSI Allergy Status",
  "status" : "draft",
  "experimental" : false,
  "date" : "2025-02-08T05:43:06+00:00",
  "publisher" : "HL7 Europe",
  "contact" : [{
    "name" : "HL7 Europe",
    "telecom" : [{
      "system" : "url",
      "value" : "http://hl7europe.org"
    }]
  }],
  "description" : "The value set is used to code the Allergy or Intolerance Clinical Status",
  "compose" : {
    "include" : [{
      "system" : "http://terminology.hl7.org/CodeSystem/allergyintolerance-clinical",
      "concept" : [{
        "code" : "active",
        "display" : "Active"
      },
      {
        "code" : "inactive",
        "display" : "Inactive"
      },
      {
        "code" : "resolved",
        "display" : "Resolved"
      }]
    }]
  }
}