{"resourceType":"ValueSet","id":"eHDSISubstitutionCode","url":"http://hl7europe.org/fhir/terminology/ehdsi/ValueSet/eHDSISubstitutionCode","identifier":[{"system":"urn:ietf:rfc:3986","value":"urn:uuid:1.3.6.1.4.1.12559.11.10.1.3.1.42.7"}],"version":"0.2.0","name":"eHDSISubstitutionCode","title":"eHDSI Substitution Code","status":"draft","experimental":false,"date":"2025-02-08T05:43:06+00:00","publisher":"HL7 Europe","contact":[{"name":"HL7 Europe","telecom":[{"system":"url","value":"http://hl7europe.org"}]}],"description":"nan","compose":{"include":[{"system":"http://terminology.hl7.org/CodeSystem/v3-substanceAdminSubstitution","concept":[{"code":"G","display":"generic"},{"code":"N","display":"none"},{"code":"TE","display":"therapeutic"}]}]}}