{"resourceType":"ValueSet","id":"eHDSILabTechnique","url":"http://hl7europe.org/fhir/terminology/ehdsi/ValueSet/eHDSILabTechnique","identifier":[{"system":"urn:ietf:rfc:3986","value":"urn:uuid:1.3.6.1.4.1.12559.11.10.1.3.1.42.79"}],"version":"0.2.0","name":"eHDSILabTechnique","title":"eHDSI Laboratory Technique","status":"draft","experimental":false,"date":"2025-02-08T05:43:06+00:00","publisher":"HL7 Europe","contact":[{"name":"HL7 Europe","telecom":[{"system":"url","value":"http://hl7europe.org"}]}],"description":"This Value Set is used to encode laboratory technique for the result measurement","compose":{"include":[{"system":"http://snomed.info/sct","concept":[{"code":"702873001","display":"Calculation technique"}]}]}}