{"resourceType":"ValueSet","id":"eHDSIObservationInterpretation","url":"http://hl7europe.org/fhir/terminology/ehdsi/ValueSet/eHDSIObservationInterpretation","identifier":[{"system":"urn:ietf:rfc:3986","value":"urn:uuid:1.3.6.1.4.1.12559.11.10.1.3.1.42.73"}],"version":"0.2.0","name":"eHDSIObservationInterpretation","title":"eHDSI Observation Interpretation","status":"draft","experimental":false,"date":"2025-02-08T05:43:06+00:00","publisher":"HL7 Europe","contact":[{"name":"HL7 Europe","telecom":[{"system":"url","value":"http://hl7europe.org"}]}],"description":"This Value Set is used for a rough qualitative interpretation of the Laboratory Observation Results","compose":{"include":[{"system":"http://terminology.hl7.org/CodeSystem/v3-ObservationInterpretation","concept":[{"code":"<","display":"Off scale low"},{"code":">","display":"Off scale high"},{"code":"A","display":"Abnormal"},{"code":"AA","display":"Critical abnormal"},{"code":"B","display":"Better"},{"code":"CAR","display":"Carrier"},{"code":"D","display":"Significant change down"},{"code":"DET","display":"Detected"},{"code":"E","display":"Equivocal"},{"code":"EX","display":"outside threshold"},{"code":"EXP","display":"Expected"},{"code":"H","display":"High"},{"code":"HH","display":"Critical high"},{"code":"HU","display":"Significantly high"},{"code":"HX","display":"above high threshold"},{"code":"I","display":"Intermediate"},{"code":"IE","display":"Insufficient evidence"},{"code":"IND","display":"Indeterminate"},{"code":"L","display":"Low"},{"code":"LL","display":"Critical low"},{"code":"LU","display":"Significantly low"},{"code":"LX","display":"below low threshold"},{"code":"N","display":"Normal"},{"code":"NCL","display":"No CLSI defined breakpoint"},{"code":"ND","display":"Not detected"},{"code":"NEG","display":"Negative"},{"code":"NR","display":"Non-reactive"},{"code":"NS","display":"Non-susceptible"},{"code":"POS","display":"Positive"},{"code":"R","display":"Resistant"},{"code":"RR","display":"Reactive"},{"code":"S","display":"Susceptible"},{"code":"U","display":"Significant change up"},{"code":"UNE","display":"Unexpected"},{"code":"W","display":"Worse"},{"code":"WR","display":"Weakly reactive"},{"code":"SYN-R","display":"Synergy - resistant"},{"code":"SDD","display":"Susceptible-dose dependent"},{"code":"SYN-S","display":"Synergy - susceptible"}]}]}}