{"resourceType":"ValueSet","id":"eHDSIAdverseEventType","url":"http://hl7europe.org/fhir/terminology/ehdsi/ValueSet/eHDSIAdverseEventType","identifier":[{"system":"urn:ietf:rfc:3986","value":"urn:uuid:1.3.6.1.4.1.12559.11.10.1.3.1.42.18"}],"version":"0.2.0","name":"eHDSIAdverseEventType","title":"eHDSI Adverse Event Type","status":"draft","experimental":false,"date":"2025-02-08T05:43:06+00:00","publisher":"HL7 Europe","contact":[{"name":"HL7 Europe","telecom":[{"system":"url","value":"http://hl7europe.org"}]}],"description":"nan","compose":{"include":[{"system":"http://snomed.info/sct","concept":[{"code":"782197009","display":"Intolerance to substance"},{"code":"420134006","display":"Propensity to adverse reaction"},{"code":"609328004","display":"Allergic disposition"}]}]}}