{"resourceType":"ValueSet","id":"eHDSITimingEvent","url":"http://hl7europe.org/fhir/terminology/ehdsi/ValueSet/eHDSITimingEvent","identifier":[{"system":"urn:ietf:rfc:3986","value":"urn:uuid:1.3.6.1.4.1.12559.11.10.1.3.1.42.41"}],"version":"0.2.0","name":"eHDSITimingEvent","title":"eHDSI Timing Event","status":"draft","experimental":false,"date":"2025-02-08T05:43:06+00:00","publisher":"HL7 Europe","contact":[{"name":"HL7 Europe","telecom":[{"system":"url","value":"http://hl7europe.org"}]}],"description":"nan","compose":{"include":[{"system":"http://terminology.hl7.org/CodeSystem/v3-TimingEvent","concept":[{"code":"AC","display":"before meal (from lat. ante cibus)"},{"code":"ACD","display":"before lunch (from lat. ante cibus diurnus)"},{"code":"ACM","display":"before breakfast (from lat. ante cibus matutinus)"},{"code":"ACV","display":"before dinner (from lat. ante cibus vespertinus)"},{"code":"HS","display":"Prior to beginning a regular period of extended sleep (this would exclude naps). Note that this might occur at different times of day depending on a person's regular sleep schedule."},{"code":"IC","display":"between meals (from lat. inter cibus)"},{"code":"ICD","display":"between lunch and dinner"},{"code":"ICM","display":"between breakfast and lunch"},{"code":"ICV","display":"between dinner and the hour of sleep"},{"code":"PC","display":"after meal (from lat. post cibus)"},{"code":"PCD","display":"after lunch (from lat. post cibus diurnus)"},{"code":"PCM","display":"after breakfast (from lat. post cibus matutinus)"},{"code":"PCV","display":"after dinner (from lat. post cibus vespertinus)"}]}]}}