<?xml version="1.0" encoding="UTF-8"?>

<ValueSet xmlns="http://hl7.org/fhir">
  <id value="eHDSIDoseForm"/>
  <url value="http://hl7europe.org/fhir/terminology/ehdsi/ValueSet/eHDSIDoseForm"/>
  <identifier>
    <system value="urn:ietf:rfc:3986"/>
    <value value="urn:uuid:1.3.6.1.4.1.12559.11.10.1.3.1.42.2"/>
  </identifier>
  <version value="0.2.0"/>
  <name value="eHDSIDoseForm"/>
  <title value="eHDSI Dose Form"/>
  <status value="draft"/>
  <experimental value="false"/>
  <date value="2025-02-08T05:43:06+00:00"/>
  <publisher value="HL7 Europe"/>
  <contact>
    <name value="HL7 Europe"/>
    <telecom>
      <system value="url"/>
      <value value="http://hl7europe.org"/>
    </telecom>
  </contact>
  <description value="nan"/>
  <compose>
    <include>
      <system value="http://standardterms.edqm.eu"/>
      <concept>
        <code value="12102000"/>
        <display value="Anticoagulant and preservative solution for blood"/>
      </concept>
      <concept>
        <code value="11502000"/>
        <display value="Bladder irrigation"/>
      </concept>
      <concept>
        <code value="10520000"/>
        <display value="Collodion"/>
      </concept>
      <concept>
        <code value="13001000"/>
        <display value="Concentrate for concentrate for solution for infusion"/>
      </concept>
      <concept>
        <code value="13162000"/>
        <display value="Concentrate for cutaneous emulsion"/>
      </concept>
      <concept>
        <code value="10514000"/>
        <display value="Concentrate for cutaneous solution"/>
      </concept>
      <concept>
        <code value="50009000"/>
        <display value="Concentrate for cutaneous spray, emulsion"/>
      </concept>
      <concept>
        <code value="50009300"/>
        <display value="Concentrate for dispersion for infusion"/>
      </concept>
      <concept>
        <code value="13139000"/>
        <display value="Concentrate for dispersion for injection"/>
      </concept>
      <concept>
        <code value="50009500"/>
        <display value="Concentrate for emulsion for infusion"/>
      </concept>
      <concept>
        <code value="13152000"/>
        <display value="Concentrate for emulsion for injection"/>
      </concept>
      <concept>
        <code value="10302000"/>
        <display value="Concentrate for gargle"/>
      </concept>
      <concept>
        <code value="50009750"/>
        <display value="Concentrate for intravesical solution"/>
      </concept>
      <concept>
        <code value="13002000"/>
        <display value="Concentrate for nebuliser solution"/>
      </concept>
      <concept>
        <code value="50010000"/>
        <display value="Concentrate for oral solution"/>
      </concept>
      <concept>
        <code value="10100500"/>
        <display value="Concentrate for oral suspension"/>
      </concept>
      <concept>
        <code value="50011000"/>
        <display value="Concentrate for oral/rectal solution"/>
      </concept>
      <concept>
        <code value="13003000"/>
        <display value="Concentrate for oromucosal solution"/>
      </concept>
      <concept>
        <code value="11008000"/>
        <display value="Concentrate for rectal solution"/>
      </concept>
      <concept>
        <code value="11405000"/>
        <display value="Concentrate for solution for haemodialysis"/>
      </concept>
      <concept>
        <code value="11213000"/>
        <display value="Concentrate for solution for infusion"/>
      </concept>
      <concept>
        <code value="11209000"/>
        <display value="Concentrate for solution for injection"/>
      </concept>
      <concept>
        <code value="50079000"/>
        <display value="Concentrate for solution for injection/infusion"/>
      </concept>
      <concept>
        <code value="10600500"/>
        <display value="Concentrate for solution for intraocular irrigation"/>
      </concept>
      <concept>
        <code value="50013250"/>
        <display value="Concentrate for solution for peritoneal dialysis"/>
      </concept>
      <concept>
        <code value="13004000"/>
        <display value="Concentrate for suspension for injection"/>
      </concept>
      <concept>
        <code value="10516000"/>
        <display value="Cutaneous emulsion"/>
      </concept>
      <concept>
        <code value="10512000"/>
        <display value="Cutaneous liquid"/>
      </concept>
      <concept>
        <code value="10513000"/>
        <display value="Cutaneous solution"/>
      </concept>
      <concept>
        <code value="50015450"/>
        <display value="Cutaneous solution/concentrate for oromucosal solution"/>
      </concept>
      <concept>
        <code value="50015500"/>
        <display value="Cutaneous spray, emulsion"/>
      </concept>
      <concept>
        <code value="10509000"/>
        <display value="Cutaneous spray, solution"/>
      </concept>
      <concept>
        <code value="10510000"/>
        <display value="Cutaneous spray, suspension"/>
      </concept>
      <concept>
        <code value="10515000"/>
        <display value="Cutaneous suspension"/>
      </concept>
      <concept>
        <code value="13140000"/>
        <display value="Cutaneous/oromucosal solution"/>
      </concept>
      <concept>
        <code value="10408000"/>
        <display value="Dental emulsion"/>
      </concept>
      <concept>
        <code value="10406000"/>
        <display value="Dental solution"/>
      </concept>
      <concept>
        <code value="10407000"/>
        <display value="Dental suspension"/>
      </concept>
      <concept>
        <code value="12101000"/>
        <display value="Denture lacquer"/>
      </concept>
      <concept>
        <code value="13005000"/>
        <display value="Dispersion for concentrate for dispersion for infusion"/>
      </concept>
      <concept>
        <code value="50017500"/>
        <display value="Dispersion for infusion"/>
      </concept>
      <concept>
        <code value="50077000"/>
        <display value="Dispersion for injection"/>
      </concept>
      <concept>
        <code value="13049000"/>
        <display value="Dispersion for injection/infusion"/>
      </concept>
      <concept>
        <code value="10706000"/>
        <display value="Ear drops, emulsion"/>
      </concept>
      <concept>
        <code value="10704000"/>
        <display value="Ear drops, solution"/>
      </concept>
      <concept>
        <code value="10705000"/>
        <display value="Ear drops, suspension"/>
      </concept>
      <concept>
        <code value="10711000"/>
        <display value="Ear spray, emulsion"/>
      </concept>
      <concept>
        <code value="10709000"/>
        <display value="Ear spray, solution"/>
      </concept>
      <concept>
        <code value="10710000"/>
        <display value="Ear spray, suspension"/>
      </concept>
      <concept>
        <code value="10713000"/>
        <display value="Ear wash, emulsion"/>
      </concept>
      <concept>
        <code value="10712000"/>
        <display value="Ear wash, solution"/>
      </concept>
      <concept>
        <code value="50018000"/>
        <display value="Ear/eye drops, solution"/>
      </concept>
      <concept>
        <code value="50018500"/>
        <display value="Ear/eye drops, suspension"/>
      </concept>
      <concept>
        <code value="50019500"/>
        <display value="Ear/eye/nasal drops, solution"/>
      </concept>
      <concept>
        <code value="50020200"/>
        <display value="Ear/nasal drops, suspension"/>
      </concept>
      <concept>
        <code value="13008000"/>
        <display value="Emulsion for emulsion for injection"/>
      </concept>
      <concept>
        <code value="11211000"/>
        <display value="Emulsion for infusion"/>
      </concept>
      <concept>
        <code value="11203000"/>
        <display value="Emulsion for injection"/>
      </concept>
      <concept>
        <code value="50021000"/>
        <display value="Emulsion for injection/infusion"/>
      </concept>
      <concept>
        <code value="13091000"/>
        <display value="Emulsion for suspension for injection"/>
      </concept>
      <concept>
        <code value="13041000"/>
        <display value="Endosinusial solution"/>
      </concept>
      <concept>
        <code value="50022000"/>
        <display value="Endosinusial wash, suspension"/>
      </concept>
      <concept>
        <code value="11601000"/>
        <display value="Endotracheopulmonary instillation, solution"/>
      </concept>
      <concept>
        <code value="11603000"/>
        <display value="Endotracheopulmonary instillation, suspension"/>
      </concept>
      <concept>
        <code value="13042000"/>
        <display value="Epilesional solution"/>
      </concept>
      <concept>
        <code value="10604500"/>
        <display value="Eye drops, emulsion"/>
      </concept>
      <concept>
        <code value="13159000"/>
        <display value="Eye drops, prolonged-release solution"/>
      </concept>
      <concept>
        <code value="10604000"/>
        <display value="Eye drops, solution"/>
      </concept>
      <concept>
        <code value="10608000"/>
        <display value="Eye drops, solvent for reconstitution"/>
      </concept>
      <concept>
        <code value="10605000"/>
        <display value="Eye drops, suspension"/>
      </concept>
      <concept>
        <code value="10610000"/>
        <display value="Eye lotion"/>
      </concept>
      <concept>
        <code value="10611000"/>
        <display value="Eye lotion, solvent for reconstitution"/>
      </concept>
      <concept>
        <code value="10301000"/>
        <display value="Gargle"/>
      </concept>
      <concept>
        <code value="50024000"/>
        <display value="Gargle/mouthwash"/>
      </concept>
      <concept>
        <code value="50024500"/>
        <display value="Gargle/nasal wash"/>
      </concept>
      <concept>
        <code value="13133000"/>
        <display value="Gastro-resistant oral suspension"/>
      </concept>
      <concept>
        <code value="12111000"/>
        <display value="Gastroenteral emulsion"/>
      </concept>
      <concept>
        <code value="12108000"/>
        <display value="Gastroenteral solution"/>
      </concept>
      <concept>
        <code value="12110000"/>
        <display value="Gastroenteral suspension"/>
      </concept>
      <concept>
        <code value="10312000"/>
        <display value="Gingival solution"/>
      </concept>
      <concept>
        <code value="11303500"/>
        <display value="Implantation suspension"/>
      </concept>
      <concept>
        <code value="50081000"/>
        <display value="Inhalation solution"/>
      </concept>
      <concept>
        <code value="50032000"/>
        <display value="Inhalation vapour, emulsion"/>
      </concept>
      <concept>
        <code value="11117000"/>
        <display value="Inhalation vapour, liquid"/>
      </concept>
      <concept>
        <code value="11114000"/>
        <display value="Inhalation vapour, solution"/>
      </concept>
      <concept>
        <code value="13044000"/>
        <display value="Intraocular instillation solution"/>
      </concept>
      <concept>
        <code value="12111500"/>
        <display value="Intraperitoneal solution"/>
      </concept>
      <concept>
        <code value="11502500"/>
        <display value="Intravesical solution"/>
      </concept>
      <concept>
        <code value="50033400"/>
        <display value="Intravesical solution/solution for injection"/>
      </concept>
      <concept>
        <code value="13045000"/>
        <display value="Intravesical suspension"/>
      </concept>
      <concept>
        <code value="12113000"/>
        <display value="Irrigation solution"/>
      </concept>
      <concept>
        <code value="13016000"/>
        <display value="Laryngopharyngeal solution"/>
      </concept>
      <concept>
        <code value="13017000"/>
        <display value="Laryngopharyngeal spray, solution"/>
      </concept>
      <concept>
        <code value="10521000"/>
        <display value="Medicated nail lacquer"/>
      </concept>
      <concept>
        <code value="13135000"/>
        <display value="Modified-release oral suspension"/>
      </concept>
      <concept>
        <code value="10310000"/>
        <display value="Mouthwash"/>
      </concept>
      <concept>
        <code value="10806000"/>
        <display value="Nasal drops, emulsion"/>
      </concept>
      <concept>
        <code value="10804000"/>
        <display value="Nasal drops, solution"/>
      </concept>
      <concept>
        <code value="10805000"/>
        <display value="Nasal drops, suspension"/>
      </concept>
      <concept>
        <code value="10810000"/>
        <display value="Nasal spray, emulsion"/>
      </concept>
      <concept>
        <code value="10808000"/>
        <display value="Nasal spray, solution"/>
      </concept>
      <concept>
        <code value="50037400"/>
        <display value="Nasal spray, solution/oromucosal solution"/>
      </concept>
      <concept>
        <code value="10809000"/>
        <display value="Nasal spray, suspension"/>
      </concept>
      <concept>
        <code value="10811000"/>
        <display value="Nasal wash"/>
      </concept>
      <concept>
        <code value="50036500"/>
        <display value="Nasal/oromucosal solution"/>
      </concept>
      <concept>
        <code value="50036700"/>
        <display value="Nasal/oromucosal spray, solution"/>
      </concept>
      <concept>
        <code value="13129000"/>
        <display value="Nebuliser dispersion"/>
      </concept>
      <concept>
        <code value="11105000"/>
        <display value="Nebuliser emulsion"/>
      </concept>
      <concept>
        <code value="11101000"/>
        <display value="Nebuliser solution"/>
      </concept>
      <concept>
        <code value="11102000"/>
        <display value="Nebuliser suspension"/>
      </concept>
      <concept>
        <code value="10103000"/>
        <display value="Oral drops, emulsion"/>
      </concept>
      <concept>
        <code value="50037750"/>
        <display value="Oral drops, liquid"/>
      </concept>
      <concept>
        <code value="10101000"/>
        <display value="Oral drops, solution"/>
      </concept>
      <concept>
        <code value="10102000"/>
        <display value="Oral drops, suspension"/>
      </concept>
      <concept>
        <code value="10107000"/>
        <display value="Oral emulsion"/>
      </concept>
      <concept>
        <code value="10104000"/>
        <display value="Oral liquid"/>
      </concept>
      <concept>
        <code value="10105000"/>
        <display value="Oral solution"/>
      </concept>
      <concept>
        <code value="50038500"/>
        <display value="Oral solution/concentrate for nebuliser solution"/>
      </concept>
      <concept>
        <code value="10106000"/>
        <display value="Oral suspension"/>
      </concept>
      <concept>
        <code value="50037900"/>
        <display value="Oral/rectal solution"/>
      </concept>
      <concept>
        <code value="50038000"/>
        <display value="Oral/rectal suspension"/>
      </concept>
      <concept>
        <code value="10305000"/>
        <display value="Oromucosal solution"/>
      </concept>
      <concept>
        <code value="10308100"/>
        <display value="Oromucosal spray, emulsion"/>
      </concept>
      <concept>
        <code value="10308200"/>
        <display value="Oromucosal spray, solution"/>
      </concept>
      <concept>
        <code value="10308300"/>
        <display value="Oromucosal spray, suspension"/>
      </concept>
      <concept>
        <code value="10306000"/>
        <display value="Oromucosal suspension"/>
      </concept>
      <concept>
        <code value="50039500"/>
        <display value="Oromucosal/laryngopharyngeal solution"/>
      </concept>
      <concept>
        <code value="50040500"/>
        <display value="Oromucosal/laryngopharyngeal solution/spray, solution"/>
      </concept>
      <concept>
        <code value="11108000"/>
        <display value="Pressurised inhalation, emulsion"/>
      </concept>
      <concept>
        <code value="11106000"/>
        <display value="Pressurised inhalation, solution"/>
      </concept>
      <concept>
        <code value="11107000"/>
        <display value="Pressurised inhalation, suspension"/>
      </concept>
      <concept>
        <code value="13126000"/>
        <display value="Prolonged-release dispersion for injection"/>
      </concept>
      <concept>
        <code value="13134000"/>
        <display value="Prolonged-release oral suspension"/>
      </concept>
      <concept>
        <code value="13076000"/>
        <display value="Prolonged-release solution for injection"/>
      </concept>
      <concept>
        <code value="11208500"/>
        <display value="Prolonged-release suspension for injection"/>
      </concept>
      <concept>
        <code value="13128000"/>
        <display value="Prolonged-release wound solution"/>
      </concept>
      <concept>
        <code value="11007000"/>
        <display value="Rectal emulsion"/>
      </concept>
      <concept>
        <code value="11005000"/>
        <display value="Rectal solution"/>
      </concept>
      <concept>
        <code value="11006000"/>
        <display value="Rectal suspension"/>
      </concept>
      <concept>
        <code value="12115000"/>
        <display value="Sealant"/>
      </concept>
      <concept>
        <code value="10508000"/>
        <display value="Shampoo"/>
      </concept>
      <concept>
        <code value="12103000"/>
        <display value="Solution for blood fraction modification"/>
      </concept>
      <concept>
        <code value="11209500"/>
        <display value="Solution for cardioplegia"/>
      </concept>
      <concept>
        <code value="13107000"/>
        <display value="Solution for cardioplegia/organ preservation"/>
      </concept>
      <concept>
        <code value="10414000"/>
        <display value="Solution for dental cement"/>
      </concept>
      <concept>
        <code value="11403000"/>
        <display value="Solution for haemodiafiltration"/>
      </concept>
      <concept>
        <code value="11404000"/>
        <display value="Solution for haemodialysis"/>
      </concept>
      <concept>
        <code value="50057000"/>
        <display value="Solution for haemodialysis/haemofiltration"/>
      </concept>
      <concept>
        <code value="11402000"/>
        <display value="Solution for haemofiltration"/>
      </concept>
      <concept>
        <code value="11210000"/>
        <display value="Solution for infusion"/>
      </concept>
      <concept>
        <code value="11201000"/>
        <display value="Solution for injection"/>
      </concept>
      <concept>
        <code value="50060000"/>
        <display value="Solution for injection/infusion"/>
      </concept>
      <concept>
        <code value="13051000"/>
        <display value="Solution for injection/skin-prick test"/>
      </concept>
      <concept>
        <code value="50073500"/>
        <display value="Solution for intraocular irrigation"/>
      </concept>
      <concept>
        <code value="10518000"/>
        <display value="Solution for iontophoresis"/>
      </concept>
      <concept>
        <code value="12112000"/>
        <display value="Solution for organ preservation"/>
      </concept>
      <concept>
        <code value="11401000"/>
        <display value="Solution for peritoneal dialysis"/>
      </concept>
      <concept>
        <code value="12131000"/>
        <display value="Solution for provocation test"/>
      </concept>
      <concept>
        <code value="50061500"/>
        <display value="Solution for sealant"/>
      </concept>
      <concept>
        <code value="10548000"/>
        <display value="Solution for skin-prick test"/>
      </concept>
      <concept>
        <code value="10549000"/>
        <display value="Solution for skin-scratch test"/>
      </concept>
      <concept>
        <code value="13061000"/>
        <display value="Solution for solution for infusion"/>
      </concept>
      <concept>
        <code value="13033000"/>
        <display value="Solution for solution for injection"/>
      </concept>
      <concept>
        <code value="13047000"/>
        <display value="Solution for suspension for injection"/>
      </concept>
      <concept>
        <code value="11216000"/>
        <display value="Solvent for parenteral use"/>
      </concept>
      <concept>
        <code value="50076000"/>
        <display value="Solvent for solution for infusion"/>
      </concept>
      <concept>
        <code value="50074000"/>
        <display value="Solvent for solution for intraocular irrigation"/>
      </concept>
      <concept>
        <code value="13035000"/>
        <display value="Solvent for..."/>
      </concept>
      <concept>
        <code value="12114000"/>
        <display value="Stomach irrigation"/>
      </concept>
      <concept>
        <code value="10309100"/>
        <display value="Sublingual spray, emulsion"/>
      </concept>
      <concept>
        <code value="10309200"/>
        <display value="Sublingual spray, solution"/>
      </concept>
      <concept>
        <code value="10309300"/>
        <display value="Sublingual spray, suspension"/>
      </concept>
      <concept>
        <code value="13036000"/>
        <display value="Suspension for emulsion for injection"/>
      </concept>
      <concept>
        <code value="11202000"/>
        <display value="Suspension for injection"/>
      </concept>
      <concept>
        <code value="13037000"/>
        <display value="Suspension for oral suspension"/>
      </concept>
      <concept>
        <code value="13039000"/>
        <display value="Suspension for suspension for injection"/>
      </concept>
      <concept>
        <code value="10117000"/>
        <display value="Syrup"/>
      </concept>
      <concept>
        <code value="10546400"/>
        <display value="Transdermal solution"/>
      </concept>
      <concept>
        <code value="10546500"/>
        <display value="Transdermal spray, solution"/>
      </concept>
      <concept>
        <code value="13077000"/>
        <display value="Urethral emulsion"/>
      </concept>
      <concept>
        <code value="10907000"/>
        <display value="Vaginal emulsion"/>
      </concept>
      <concept>
        <code value="10905000"/>
        <display value="Vaginal solution"/>
      </concept>
      <concept>
        <code value="10906000"/>
        <display value="Vaginal suspension"/>
      </concept>
      <concept>
        <code value="13012000"/>
        <display value="Gas for dispersion for infusion"/>
      </concept>
      <concept>
        <code value="13013000"/>
        <display value="Gas for dispersion for injection"/>
      </concept>
      <concept>
        <code value="13050000"/>
        <display value="Gas for dispersion for injection/infusion"/>
      </concept>
      <concept>
        <code value="12301000"/>
        <display value="Medicinal gas, compressed"/>
      </concept>
      <concept>
        <code value="12302000"/>
        <display value="Medicinal gas, cryogenic"/>
      </concept>
      <concept>
        <code value="12303000"/>
        <display value="Medicinal gas, liquefied"/>
      </concept>
      <concept>
        <code value="10502000"/>
        <display value="Cream"/>
      </concept>
      <concept>
        <code value="10507000"/>
        <display value="Cutaneous foam"/>
      </concept>
      <concept>
        <code value="10505000"/>
        <display value="Cutaneous paste"/>
      </concept>
      <concept>
        <code value="50016000"/>
        <display value="Cutaneous spray, ointment"/>
      </concept>
      <concept>
        <code value="50015200"/>
        <display value="Cutaneous/nasal ointment"/>
      </concept>
      <concept>
        <code value="10401500"/>
        <display value="Dental cement"/>
      </concept>
      <concept>
        <code value="10402000"/>
        <display value="Dental gel"/>
      </concept>
      <concept>
        <code value="50017000"/>
        <display value="Dental paste"/>
      </concept>
      <concept>
        <code value="10701000"/>
        <display value="Ear cream"/>
      </concept>
      <concept>
        <code value="10702000"/>
        <display value="Ear gel"/>
      </concept>
      <concept>
        <code value="10703000"/>
        <display value="Ear ointment"/>
      </concept>
      <concept>
        <code value="50019000"/>
        <display value="Ear/eye ointment"/>
      </concept>
      <concept>
        <code value="11701000"/>
        <display value="Endocervical gel"/>
      </concept>
      <concept>
        <code value="10601000"/>
        <display value="Eye cream"/>
      </concept>
      <concept>
        <code value="10602000"/>
        <display value="Eye gel"/>
      </concept>
      <concept>
        <code value="10603000"/>
        <display value="Eye ointment"/>
      </concept>
      <concept>
        <code value="10503000"/>
        <display value="Gel"/>
      </concept>
      <concept>
        <code value="13014000"/>
        <display value="Gel for gel"/>
      </concept>
      <concept>
        <code value="11204000"/>
        <display value="Gel for injection"/>
      </concept>
      <concept>
        <code value="10315000"/>
        <display value="Gingival gel"/>
      </concept>
      <concept>
        <code value="10316000"/>
        <display value="Gingival paste"/>
      </concept>
      <concept>
        <code value="13043000"/>
        <display value="Implantation paste"/>
      </concept>
      <concept>
        <code value="11116000"/>
        <display value="Inhalation vapour, ointment"/>
      </concept>
      <concept>
        <code value="12120000"/>
        <display value="Intestinal gel"/>
      </concept>
      <concept>
        <code value="13113000"/>
        <display value="Intrauterine gel"/>
      </concept>
      <concept>
        <code value="10801000"/>
        <display value="Nasal cream"/>
      </concept>
      <concept>
        <code value="10802000"/>
        <display value="Nasal gel"/>
      </concept>
      <concept>
        <code value="10803000"/>
        <display value="Nasal ointment"/>
      </concept>
      <concept>
        <code value="10504000"/>
        <display value="Ointment"/>
      </concept>
      <concept>
        <code value="10108000"/>
        <display value="Oral gel"/>
      </concept>
      <concept>
        <code value="10109000"/>
        <display value="Oral paste"/>
      </concept>
      <concept>
        <code value="10314010"/>
        <display value="Oromucosal cream"/>
      </concept>
      <concept>
        <code value="10313000"/>
        <display value="Oromucosal gel"/>
      </concept>
      <concept>
        <code value="10314005"/>
        <display value="Oromucosal ointment"/>
      </concept>
      <concept>
        <code value="10314000"/>
        <display value="Oromucosal paste"/>
      </concept>
      <concept>
        <code value="10410000"/>
        <display value="Periodontal gel"/>
      </concept>
      <concept>
        <code value="10522000"/>
        <display value="Poultice"/>
      </concept>
      <concept>
        <code value="11001000"/>
        <display value="Rectal cream"/>
      </concept>
      <concept>
        <code value="11004000"/>
        <display value="Rectal foam"/>
      </concept>
      <concept>
        <code value="11002000"/>
        <display value="Rectal gel"/>
      </concept>
      <concept>
        <code value="11003000"/>
        <display value="Rectal ointment"/>
      </concept>
      <concept>
        <code value="10409000"/>
        <display value="Toothpaste"/>
      </concept>
      <concept>
        <code value="10546250"/>
        <display value="Transdermal gel"/>
      </concept>
      <concept>
        <code value="13102000"/>
        <display value="Transdermal ointment"/>
      </concept>
      <concept>
        <code value="11504000"/>
        <display value="Urethral gel"/>
      </concept>
      <concept>
        <code value="13123000"/>
        <display value="Urethral ointment"/>
      </concept>
      <concept>
        <code value="10901000"/>
        <display value="Vaginal cream"/>
      </concept>
      <concept>
        <code value="10904000"/>
        <display value="Vaginal foam"/>
      </concept>
      <concept>
        <code value="10902000"/>
        <display value="Vaginal gel"/>
      </concept>
      <concept>
        <code value="10903000"/>
        <display value="Vaginal ointment"/>
      </concept>
      <concept>
        <code value="10314011"/>
        <display value="Buccal film"/>
      </concept>
      <concept>
        <code value="10320000"/>
        <display value="Buccal tablet"/>
      </concept>
      <concept>
        <code value="10209000"/>
        <display value="Cachet"/>
      </concept>
      <concept>
        <code value="10210000"/>
        <display value="Capsule, hard"/>
      </concept>
      <concept>
        <code value="10211000"/>
        <display value="Capsule, soft"/>
      </concept>
      <concept>
        <code value="10214000"/>
        <display value="Chewable capsule, soft"/>
      </concept>
      <concept>
        <code value="10228000"/>
        <display value="Chewable tablet"/>
      </concept>
      <concept>
        <code value="50001000"/>
        <display value="Chewable/dispersible tablet"/>
      </concept>
      <concept>
        <code value="13046000"/>
        <display value="Coated granules"/>
      </concept>
      <concept>
        <code value="10220000"/>
        <display value="Coated tablet"/>
      </concept>
      <concept>
        <code value="10322000"/>
        <display value="Compressed lozenge"/>
      </concept>
      <concept>
        <code value="10517500"/>
        <display value="Cutaneous patch"/>
      </concept>
      <concept>
        <code value="10517000"/>
        <display value="Cutaneous powder"/>
      </concept>
      <concept>
        <code value="10511000"/>
        <display value="Cutaneous spray, powder"/>
      </concept>
      <concept>
        <code value="10523000"/>
        <display value="Cutaneous stick"/>
      </concept>
      <concept>
        <code value="10405000"/>
        <display value="Dental powder"/>
      </concept>
      <concept>
        <code value="10403000"/>
        <display value="Dental stick"/>
      </concept>
      <concept>
        <code value="10121000"/>
        <display value="Dispersible tablet"/>
      </concept>
      <concept>
        <code value="10121500"/>
        <display value="Dispersible tablets for dose dispenser"/>
      </concept>
      <concept>
        <code value="13006000"/>
        <display value="Ear drops, powder for suspension"/>
      </concept>
      <concept>
        <code value="10708000"/>
        <display value="Ear powder"/>
      </concept>
      <concept>
        <code value="10715000"/>
        <display value="Ear stick"/>
      </concept>
      <concept>
        <code value="10714000"/>
        <display value="Ear tampon"/>
      </concept>
      <concept>
        <code value="10205000"/>
        <display value="Effervescent granules"/>
      </concept>
      <concept>
        <code value="13007000"/>
        <display value="Effervescent granules for oral suspension"/>
      </concept>
      <concept>
        <code value="10203000"/>
        <display value="Effervescent powder"/>
      </concept>
      <concept>
        <code value="10222000"/>
        <display value="Effervescent tablet"/>
      </concept>
      <concept>
        <code value="10913000"/>
        <display value="Effervescent vaginal tablet"/>
      </concept>
      <concept>
        <code value="11602000"/>
        <display value="Endotracheopulmonary instillation, powder for solution"/>
      </concept>
      <concept>
        <code value="13009000"/>
        <display value="Endotracheopulmonary instillation, powder for suspension"/>
      </concept>
      <concept>
        <code value="13010000"/>
        <display value="Eye drops, powder for solution"/>
      </concept>
      <concept>
        <code value="13011000"/>
        <display value="Eye drops, powder for suspension"/>
      </concept>
      <concept>
        <code value="13154000"/>
        <display value="Film-coated granules"/>
      </concept>
      <concept>
        <code value="10221000"/>
        <display value="Film-coated tablet"/>
      </concept>
      <concept>
        <code value="10303000"/>
        <display value="Gargle, powder for solution"/>
      </concept>
      <concept>
        <code value="10304000"/>
        <display value="Gargle, tablet for solution"/>
      </concept>
      <concept>
        <code value="10212000"/>
        <display value="Gastro-resistant capsule, hard"/>
      </concept>
      <concept>
        <code value="10213000"/>
        <display value="Gastro-resistant capsule, soft"/>
      </concept>
      <concept>
        <code value="10206000"/>
        <display value="Gastro-resistant granules"/>
      </concept>
      <concept>
        <code value="10225000"/>
        <display value="Gastro-resistant tablet"/>
      </concept>
      <concept>
        <code value="10204000"/>
        <display value="Granules"/>
      </concept>
      <concept>
        <code value="10112000"/>
        <display value="Granules for oral solution"/>
      </concept>
      <concept>
        <code value="10113000"/>
        <display value="Granules for oral suspension"/>
      </concept>
      <concept>
        <code value="50029150"/>
        <display value="Granules for oral/rectal suspension"/>
      </concept>
      <concept>
        <code value="13015000"/>
        <display value="Granules for rectal suspension"/>
      </concept>
      <concept>
        <code value="13048000"/>
        <display value="Granules for suspension for injection"/>
      </concept>
      <concept>
        <code value="10119000"/>
        <display value="Granules for syrup"/>
      </concept>
      <concept>
        <code value="50029500"/>
        <display value="Granules for vaginal solution"/>
      </concept>
      <concept>
        <code value="10122000"/>
        <display value="Herbal tea"/>
      </concept>
      <concept>
        <code value="11301000"/>
        <display value="Implant"/>
      </concept>
      <concept>
        <code value="11303000"/>
        <display value="Implantation chain"/>
      </concept>
      <concept>
        <code value="11303300"/>
        <display value="Implantation matrix"/>
      </concept>
      <concept>
        <code value="11302000"/>
        <display value="Implantation tablet"/>
      </concept>
      <concept>
        <code value="13145000"/>
        <display value="Impregnated cutaneous swab"/>
      </concept>
      <concept>
        <code value="10525000"/>
        <display value="Impregnated dressing"/>
      </concept>
      <concept>
        <code value="12117000"/>
        <display value="Impregnated pad"/>
      </concept>
      <concept>
        <code value="12117500"/>
        <display value="Impregnated plug"/>
      </concept>
      <concept>
        <code value="11109000"/>
        <display value="Inhalation powder"/>
      </concept>
      <concept>
        <code value="11110000"/>
        <display value="Inhalation powder, hard capsule"/>
      </concept>
      <concept>
        <code value="11111000"/>
        <display value="Inhalation powder, pre-dispensed"/>
      </concept>
      <concept>
        <code value="50030000"/>
        <display value="Inhalation powder, tablet"/>
      </concept>
      <concept>
        <code value="11113000"/>
        <display value="Inhalation vapour, capsule"/>
      </concept>
      <concept>
        <code value="50031000"/>
        <display value="Inhalation vapour, effervescent tablet"/>
      </concept>
      <concept>
        <code value="50033000"/>
        <display value="Inhalation vapour, impregnated pad"/>
      </concept>
      <concept>
        <code value="50033100"/>
        <display value="Inhalation vapour, impregnated plug"/>
      </concept>
      <concept>
        <code value="11112000"/>
        <display value="Inhalation vapour, powder"/>
      </concept>
      <concept>
        <code value="11115000"/>
        <display value="Inhalation vapour, tablet"/>
      </concept>
      <concept>
        <code value="10202000"/>
        <display value="Instant herbal tea"/>
      </concept>
      <concept>
        <code value="10321000"/>
        <display value="Lozenge"/>
      </concept>
      <concept>
        <code value="13018000"/>
        <display value="Matrix for implantation matrix"/>
      </concept>
      <concept>
        <code value="10229000"/>
        <display value="Medicated chewing-gum"/>
      </concept>
      <concept>
        <code value="10506000"/>
        <display value="Medicated plaster"/>
      </concept>
      <concept>
        <code value="12119000"/>
        <display value="Medicated sponge"/>
      </concept>
      <concept>
        <code value="12130000"/>
        <display value="Medicated thread"/>
      </concept>
      <concept>
        <code value="10914000"/>
        <display value="Medicated vaginal tampon"/>
      </concept>
      <concept>
        <code value="10217000"/>
        <display value="Modified-release capsule, hard"/>
      </concept>
      <concept>
        <code value="10218000"/>
        <display value="Modified-release capsule, soft"/>
      </concept>
      <concept>
        <code value="10208000"/>
        <display value="Modified-release granules"/>
      </concept>
      <concept>
        <code value="10227000"/>
        <display value="Modified-release tablet"/>
      </concept>
      <concept>
        <code value="50036050"/>
        <display value="Mouthwash, powder for solution"/>
      </concept>
      <concept>
        <code value="10311000"/>
        <display value="Mouthwash, tablet for solution"/>
      </concept>
      <concept>
        <code value="10319000"/>
        <display value="Muco-adhesive buccal tablet"/>
      </concept>
      <concept>
        <code value="13020000"/>
        <display value="Nasal drops, powder for solution"/>
      </concept>
      <concept>
        <code value="10807000"/>
        <display value="Nasal powder"/>
      </concept>
      <concept>
        <code value="50037100"/>
        <display value="Nasal spray, powder for solution"/>
      </concept>
      <concept>
        <code value="10812000"/>
        <display value="Nasal stick"/>
      </concept>
      <concept>
        <code value="10612000"/>
        <display value="Ophthalmic insert"/>
      </concept>
      <concept>
        <code value="10613000"/>
        <display value="Ophthalmic strip"/>
      </concept>
      <concept>
        <code value="50037500"/>
        <display value="Oral drops, granules for solution"/>
      </concept>
      <concept>
        <code value="50082000"/>
        <display value="Oral drops, powder for suspension"/>
      </concept>
      <concept>
        <code value="10230000"/>
        <display value="Oral gum"/>
      </concept>
      <concept>
        <code value="13106000"/>
        <display value="Oral herbal material"/>
      </concept>
      <concept>
        <code value="10224000"/>
        <display value="Oral lyophilisate"/>
      </concept>
      <concept>
        <code value="10201000"/>
        <display value="Oral powder"/>
      </concept>
      <concept>
        <code value="10236100"/>
        <display value="Orodispersible film"/>
      </concept>
      <concept>
        <code value="10223000"/>
        <display value="Orodispersible tablet"/>
      </concept>
      <concept>
        <code value="10317000"/>
        <display value="Oromucosal capsule"/>
      </concept>
      <concept>
        <code value="13149000"/>
        <display value="Oromucosal film"/>
      </concept>
      <concept>
        <code value="50039000"/>
        <display value="Oromucosal patch"/>
      </concept>
      <concept>
        <code value="13141000"/>
        <display value="Oromucosal pouch"/>
      </concept>
      <concept>
        <code value="10323000"/>
        <display value="Pastille"/>
      </concept>
      <concept>
        <code value="10411000"/>
        <display value="Periodontal insert"/>
      </concept>
      <concept>
        <code value="10401000"/>
        <display value="Periodontal powder"/>
      </concept>
      <concept>
        <code value="10909000"/>
        <display value="Pessary"/>
      </concept>
      <concept>
        <code value="10231000"/>
        <display value="Pillules"/>
      </concept>
      <concept>
        <code value="10550000"/>
        <display value="Plaster for provocation test"/>
      </concept>
      <concept>
        <code value="11503000"/>
        <display value="Powder for bladder irrigation"/>
      </concept>
      <concept>
        <code value="50048750"/>
        <display value="Powder for concentrate for dispersion for infusion"/>
      </concept>
      <concept>
        <code value="50049100"/>
        <display value="Powder for concentrate for intravesical suspension"/>
      </concept>
      <concept>
        <code value="50049200"/>
        <display value="Powder for concentrate for solution for haemodialysis"/>
      </concept>
      <concept>
        <code value="50043000"/>
        <display value="Powder for concentrate for solution for infusion"/>
      </concept>
      <concept>
        <code value="50049250"/>
        <display value="Powder for concentrate for solution for injection/infusion"/>
      </concept>
      <concept>
        <code value="10514500"/>
        <display value="Powder for cutaneous solution"/>
      </concept>
      <concept>
        <code value="10413000"/>
        <display value="Powder for dental cement"/>
      </concept>
      <concept>
        <code value="13022000"/>
        <display value="Powder for dental gel"/>
      </concept>
      <concept>
        <code value="50049270"/>
        <display value="Powder for dental solution"/>
      </concept>
      <concept>
        <code value="11211500"/>
        <display value="Powder for dispersion for infusion"/>
      </concept>
      <concept>
        <code value="13023000"/>
        <display value="Powder for dispersion for injection"/>
      </concept>
      <concept>
        <code value="13040000"/>
        <display value="Powder for emulsion for injection"/>
      </concept>
      <concept>
        <code value="13024000"/>
        <display value="Powder for endocervical gel"/>
      </concept>
      <concept>
        <code value="13025000"/>
        <display value="Powder for endosinusial solution"/>
      </concept>
      <concept>
        <code value="50049300"/>
        <display value="Powder for epilesional solution"/>
      </concept>
      <concept>
        <code value="13021000"/>
        <display value="Powder for gel"/>
      </concept>
      <concept>
        <code value="13026000"/>
        <display value="Powder for gingival gel"/>
      </concept>
      <concept>
        <code value="13027000"/>
        <display value="Powder for implantation matrix"/>
      </concept>
      <concept>
        <code value="13028000"/>
        <display value="Powder for implantation paste"/>
      </concept>
      <concept>
        <code value="50049500"/>
        <display value="Powder for implantation suspension"/>
      </concept>
      <concept>
        <code value="13029000"/>
        <display value="Powder for intraocular instillation solution"/>
      </concept>
      <concept>
        <code value="50050000"/>
        <display value="Powder for intravesical solution"/>
      </concept>
      <concept>
        <code value="50050500"/>
        <display value="Powder for intravesical solution/solution for injection"/>
      </concept>
      <concept>
        <code value="50051000"/>
        <display value="Powder for intravesical suspension"/>
      </concept>
      <concept>
        <code value="11104000"/>
        <display value="Powder for nebuliser solution"/>
      </concept>
      <concept>
        <code value="11103000"/>
        <display value="Powder for nebuliser suspension"/>
      </concept>
      <concept>
        <code value="10110000"/>
        <display value="Powder for oral solution"/>
      </concept>
      <concept>
        <code value="10111000"/>
        <display value="Powder for oral suspension"/>
      </concept>
      <concept>
        <code value="50052000"/>
        <display value="Powder for oral/rectal suspension"/>
      </concept>
      <concept>
        <code value="11208400"/>
        <display value="Powder for prolonged-release suspension for injection"/>
      </concept>
      <concept>
        <code value="11009000"/>
        <display value="Powder for rectal solution"/>
      </concept>
      <concept>
        <code value="11010000"/>
        <display value="Powder for rectal suspension"/>
      </concept>
      <concept>
        <code value="13031000"/>
        <display value="Powder for sealant"/>
      </concept>
      <concept>
        <code value="11212000"/>
        <display value="Powder for solution for infusion"/>
      </concept>
      <concept>
        <code value="11205000"/>
        <display value="Powder for solution for injection"/>
      </concept>
      <concept>
        <code value="50053500"/>
        <display value="Powder for solution for injection/infusion"/>
      </concept>
      <concept>
        <code value="13052000"/>
        <display value="Powder for solution for injection/skin-prick test"/>
      </concept>
      <concept>
        <code value="50073000"/>
        <display value="Powder for solution for intraocular irrigation"/>
      </concept>
      <concept>
        <code value="10518500"/>
        <display value="Powder for solution for iontophoresis"/>
      </concept>
      <concept>
        <code value="13032000"/>
        <display value="Powder for solution for skin-prick test"/>
      </concept>
      <concept>
        <code value="11206000"/>
        <display value="Powder for suspension for injection"/>
      </concept>
      <concept>
        <code value="10118000"/>
        <display value="Powder for syrup"/>
      </concept>
      <concept>
        <code value="13111000"/>
        <display value="Powder for vaginal solution"/>
      </concept>
      <concept>
        <code value="10215000"/>
        <display value="Prolonged-release capsule, hard"/>
      </concept>
      <concept>
        <code value="10216000"/>
        <display value="Prolonged-release capsule, soft"/>
      </concept>
      <concept>
        <code value="10207000"/>
        <display value="Prolonged-release granules"/>
      </concept>
      <concept>
        <code value="13148000"/>
        <display value="Prolonged-release pessary"/>
      </concept>
      <concept>
        <code value="10226000"/>
        <display value="Prolonged-release tablet"/>
      </concept>
      <concept>
        <code value="11014000"/>
        <display value="Rectal capsule"/>
      </concept>
      <concept>
        <code value="11015000"/>
        <display value="Rectal tampon"/>
      </concept>
      <concept>
        <code value="12115100"/>
        <display value="Sealant matrix"/>
      </concept>
      <concept>
        <code value="12115200"/>
        <display value="Sealant powder"/>
      </concept>
      <concept>
        <code value="10120000"/>
        <display value="Soluble tablet"/>
      </concept>
      <concept>
        <code value="10317500"/>
        <display value="Sublingual film"/>
      </concept>
      <concept>
        <code value="13127000"/>
        <display value="Sublingual lyophilisate"/>
      </concept>
      <concept>
        <code value="13105000"/>
        <display value="Sublingual powder"/>
      </concept>
      <concept>
        <code value="10318000"/>
        <display value="Sublingual tablet"/>
      </concept>
      <concept>
        <code value="11013000"/>
        <display value="Suppository"/>
      </concept>
      <concept>
        <code value="10219000"/>
        <display value="Tablet"/>
      </concept>
      <concept>
        <code value="13066000"/>
        <display value="Tablet for cutaneous solution"/>
      </concept>
      <concept>
        <code value="11011000"/>
        <display value="Tablet for rectal solution"/>
      </concept>
      <concept>
        <code value="11012000"/>
        <display value="Tablet for rectal suspension"/>
      </concept>
      <concept>
        <code value="10908000"/>
        <display value="Tablet for vaginal solution"/>
      </concept>
      <concept>
        <code value="13118000"/>
        <display value="Tablet with sensor"/>
      </concept>
      <concept>
        <code value="10519000"/>
        <display value="Transdermal patch"/>
      </concept>
      <concept>
        <code value="11505000"/>
        <display value="Urethral stick"/>
      </concept>
      <concept>
        <code value="10910000"/>
        <display value="Vaginal capsule, hard"/>
      </concept>
      <concept>
        <code value="10911000"/>
        <display value="Vaginal capsule, soft"/>
      </concept>
      <concept>
        <code value="10912000"/>
        <display value="Vaginal tablet"/>
      </concept>
      <concept>
        <code value="12104000"/>
        <display value="Wound stick"/>
      </concept>
      <concept>
        <code value="10501000"/>
        <display value="Bath additive"/>
      </concept>
      <concept>
        <code value="11901000"/>
        <display value="Intrauterine delivery system"/>
      </concept>
      <concept>
        <code value="12107000"/>
        <display value="Kit for radiopharmaceutical preparation"/>
      </concept>
      <concept>
        <code value="12118000"/>
        <display value="Living tissue equivalent"/>
      </concept>
      <concept>
        <code value="13124000"/>
        <display value="Medicinal larvae"/>
      </concept>
      <concept>
        <code value="13115000"/>
        <display value="Medicinal leech"/>
      </concept>
      <concept>
        <code value="12106000"/>
        <display value="Radionuclide generator"/>
      </concept>
      <concept>
        <code value="12105000"/>
        <display value="Radiopharmaceutical precursor"/>
      </concept>
      <concept>
        <code value="50056500"/>
        <display value="Radiopharmaceutical precursor, solution"/>
      </concept>
      <concept>
        <code value="10547000"/>
        <display value="Transdermal system"/>
      </concept>
      <concept>
        <code value="10915000"/>
        <display value="Vaginal delivery system"/>
      </concept>
      <concept>
        <code value="50002000"/>
        <display value="Concentrate and solvent for concentrate for solution for infusion"/>
      </concept>
      <concept>
        <code value="50003000"/>
        <display value="Concentrate and solvent for cutaneous solution"/>
      </concept>
      <concept>
        <code value="13143000"/>
        <display value="Concentrate and solvent for dispersion for injection"/>
      </concept>
      <concept>
        <code value="13153000"/>
        <display value="Concentrate and solvent for emulsion for injection"/>
      </concept>
      <concept>
        <code value="13144000"/>
        <display value="Concentrate and solvent for intravesical solution"/>
      </concept>
      <concept>
        <code value="13160000"/>
        <display value="Concentrate and solvent for oral solution"/>
      </concept>
      <concept>
        <code value="50006000"/>
        <display value="Concentrate and solvent for solution for infusion"/>
      </concept>
      <concept>
        <code value="50007000"/>
        <display value="Concentrate and solvent for solution for injection"/>
      </concept>
      <concept>
        <code value="50007500"/>
        <display value="Concentrate and solvent for solution for injection/infusion"/>
      </concept>
      <concept>
        <code value="50008000"/>
        <display value="Concentrate and solvent for suspension for injection"/>
      </concept>
      <concept>
        <code value="10707000"/>
        <display value="Ear drops, powder and solvent for suspension"/>
      </concept>
      <concept>
        <code value="13157000"/>
        <display value="Effervescent granules and suspension for oral suspension"/>
      </concept>
      <concept>
        <code value="13119000"/>
        <display value="Effervescent powder and powder for oral suspension"/>
      </concept>
      <concept>
        <code value="13150000"/>
        <display value="Effervescent powder and suspension for oral suspension"/>
      </concept>
      <concept>
        <code value="50021500"/>
        <display value="Emulsion and suspension for emulsion for injection"/>
      </concept>
      <concept>
        <code value="11604000"/>
        <display value="Endotracheopulmonary instillation, powder and solvent for solution"/>
      </concept>
      <concept>
        <code value="11605000"/>
        <display value="Endotracheopulmonary instillation, powder and solvent for suspension"/>
      </concept>
      <concept>
        <code value="10606000"/>
        <display value="Eye drops, powder and solvent for solution"/>
      </concept>
      <concept>
        <code value="10607000"/>
        <display value="Eye drops, powder and solvent for suspension"/>
      </concept>
      <concept>
        <code value="50078000"/>
        <display value="Gas and solvent for dispersion for injection/infusion"/>
      </concept>
      <concept>
        <code value="50026500"/>
        <display value="Granules and solvent for oral suspension"/>
      </concept>
      <concept>
        <code value="50027000"/>
        <display value="Granules and solvent for suspension for injection"/>
      </concept>
      <concept>
        <code value="50047650"/>
        <display value="Nasal drops, powder and solvent for solution"/>
      </concept>
      <concept>
        <code value="50041200"/>
        <display value="Powder and gel for gel"/>
      </concept>
      <concept>
        <code value="10412000"/>
        <display value="Powder and solution for dental cement"/>
      </concept>
      <concept>
        <code value="50041500"/>
        <display value="Powder and solution for solution for injection"/>
      </concept>
      <concept>
        <code value="13121000"/>
        <display value="Powder and solution for suspension for injection"/>
      </concept>
      <concept>
        <code value="50042000"/>
        <display value="Powder and solvent for concentrate for solution for infusion"/>
      </concept>
      <concept>
        <code value="50044000"/>
        <display value="Powder and solvent for cutaneous solution"/>
      </concept>
      <concept>
        <code value="50071000"/>
        <display value="Powder and solvent for dental gel"/>
      </concept>
      <concept>
        <code value="50044500"/>
        <display value="Powder and solvent for dispersion for injection"/>
      </concept>
      <concept>
        <code value="50044700"/>
        <display value="Powder and solvent for emulsion for injection"/>
      </concept>
      <concept>
        <code value="11702000"/>
        <display value="Powder and solvent for endocervical gel"/>
      </concept>
      <concept>
        <code value="50045000"/>
        <display value="Powder and solvent for endosinusial solution"/>
      </concept>
      <concept>
        <code value="50045500"/>
        <display value="Powder and solvent for epilesional solution"/>
      </concept>
      <concept>
        <code value="50046000"/>
        <display value="Powder and solvent for gingival gel"/>
      </concept>
      <concept>
        <code value="11304000"/>
        <display value="Powder and solvent for implantation paste"/>
      </concept>
      <concept>
        <code value="50047000"/>
        <display value="Powder and solvent for intraocular instillation solution"/>
      </concept>
      <concept>
        <code value="50047500"/>
        <display value="Powder and solvent for intravesical solution"/>
      </concept>
      <concept>
        <code value="50047600"/>
        <display value="Powder and solvent for intravesical suspension"/>
      </concept>
      <concept>
        <code value="50047700"/>
        <display value="Powder and solvent for nebuliser solution"/>
      </concept>
      <concept>
        <code value="10114000"/>
        <display value="Powder and solvent for oral solution"/>
      </concept>
      <concept>
        <code value="10115000"/>
        <display value="Powder and solvent for oral suspension"/>
      </concept>
      <concept>
        <code value="50048000"/>
        <display value="Powder and solvent for prolonged-release suspension for injection"/>
      </concept>
      <concept>
        <code value="12116000"/>
        <display value="Powder and solvent for sealant"/>
      </concept>
      <concept>
        <code value="11214000"/>
        <display value="Powder and solvent for solution for infusion"/>
      </concept>
      <concept>
        <code value="11207000"/>
        <display value="Powder and solvent for solution for injection"/>
      </concept>
      <concept>
        <code value="50080000"/>
        <display value="Powder and solvent for solution for injection/infusion"/>
      </concept>
      <concept>
        <code value="50048270"/>
        <display value="Powder and solvent for solution for injection/skin-prick test"/>
      </concept>
      <concept>
        <code value="11208000"/>
        <display value="Powder and solvent for suspension for injection"/>
      </concept>
      <concept>
        <code value="10115500"/>
        <display value="Powder and solvent for syrup"/>
      </concept>
      <concept>
        <code value="50048500"/>
        <display value="Powder and suspension for suspension for injection"/>
      </concept>
      <concept>
        <code value="13062000"/>
        <display value="Powder for concentrate and solution for solution for infusion"/>
      </concept>
      <concept>
        <code value="50055350"/>
        <display value="Powder, solvent and matrix for implantation matrix"/>
      </concept>
      <concept>
        <code value="50062500"/>
        <display value="Suspension and solution for spray"/>
      </concept>
      <concept>
        <code value="50065000"/>
        <display value="Tablet and powder for oral solution"/>
      </concept>
      <concept>
        <code value="50064000"/>
        <display value="Tablet and solvent for rectal suspension"/>
      </concept>
      <concept>
        <code value="50001250"/>
        <display value="Coated granules in sachet"/>
      </concept>
      <concept>
        <code value="13103000"/>
        <display value="Cutaneous solution in single-dose container"/>
      </concept>
      <concept>
        <code value="13161000"/>
        <display value="Dispersion for injection in pre-filled syringe"/>
      </concept>
      <concept>
        <code value="50017200"/>
        <display value="Ear drops, solution in single-dose container"/>
      </concept>
      <concept>
        <code value="50017550"/>
        <display value="Ear drops, suspension in single-dose container"/>
      </concept>
      <concept>
        <code value="13095000"/>
        <display value="Emulsion for infusion in administration system"/>
      </concept>
      <concept>
        <code value="50021250"/>
        <display value="Emulsion for injection/infusion in pre-filled syringe"/>
      </concept>
      <concept>
        <code value="13104000"/>
        <display value="Eye drops, emulsion in single-dose container"/>
      </concept>
      <concept>
        <code value="50022500"/>
        <display value="Eye drops, prolonged-release solution in single-dose container"/>
      </concept>
      <concept>
        <code value="50023000"/>
        <display value="Eye drops, solution in single-dose container"/>
      </concept>
      <concept>
        <code value="50023100"/>
        <display value="Eye drops, suspension in single-dose container"/>
      </concept>
      <concept>
        <code value="50023300"/>
        <display value="Eye gel in single-dose container"/>
      </concept>
      <concept>
        <code value="50023400"/>
        <display value="Eye ointment in single-dose container"/>
      </concept>
      <concept>
        <code value="13155000"/>
        <display value="Film-coated granules in single-dose container"/>
      </concept>
      <concept>
        <code value="50023700"/>
        <display value="Film-coated tablet and gastro-resistant granules in sachet"/>
      </concept>
      <concept>
        <code value="50026400"/>
        <display value="Gel in pressurised container"/>
      </concept>
      <concept>
        <code value="13069000"/>
        <display value="Gel in sachet"/>
      </concept>
      <concept>
        <code value="50029170"/>
        <display value="Granules for oral solution in sachet"/>
      </concept>
      <concept>
        <code value="50029200"/>
        <display value="Granules for oral suspension in sachet"/>
      </concept>
      <concept>
        <code value="50029550"/>
        <display value="Granules in sachet"/>
      </concept>
      <concept>
        <code value="13090000"/>
        <display value="Granules in single-dose container"/>
      </concept>
      <concept>
        <code value="50029700"/>
        <display value="Herbal tea in bag"/>
      </concept>
      <concept>
        <code value="50029750"/>
        <display value="Implant in pre-filled syringe"/>
      </concept>
      <concept>
        <code value="50033500"/>
        <display value="Intravitreal implant in applicator"/>
      </concept>
      <concept>
        <code value="50036200"/>
        <display value="Nasal drops, solution in single-dose container"/>
      </concept>
      <concept>
        <code value="13120000"/>
        <display value="Nasal powder in single-dose container"/>
      </concept>
      <concept>
        <code value="50037250"/>
        <display value="Nasal spray, solution in single-dose container"/>
      </concept>
      <concept>
        <code value="50037600"/>
        <display value="Oral emulsion in sachet"/>
      </concept>
      <concept>
        <code value="50037700"/>
        <display value="Oral paste in sachet"/>
      </concept>
      <concept>
        <code value="50037800"/>
        <display value="Oral powder in sachet"/>
      </concept>
      <concept>
        <code value="13130000"/>
        <display value="Oral powder in single-dose container"/>
      </concept>
      <concept>
        <code value="13146000"/>
        <display value="Oral solution in multidose container with metering pump"/>
      </concept>
      <concept>
        <code value="50038600"/>
        <display value="Oral solution in sachet"/>
      </concept>
      <concept>
        <code value="50038650"/>
        <display value="Oral solution in single-dose container"/>
      </concept>
      <concept>
        <code value="13075000"/>
        <display value="Oral suspension in pre-filled oral applicator"/>
      </concept>
      <concept>
        <code value="50038700"/>
        <display value="Oral suspension in sachet"/>
      </concept>
      <concept>
        <code value="50041000"/>
        <display value="Pillules in single-dose container"/>
      </concept>
      <concept>
        <code value="50048010"/>
        <display value="Powder and solvent for prolonged-release suspension for injection in pre-filled pen"/>
      </concept>
      <concept>
        <code value="13057000"/>
        <display value="Powder and solvent for prolonged-release suspension for injection in pre-filled syringe"/>
      </concept>
      <concept>
        <code value="50048050"/>
        <display value="Powder and solvent for solution for injection in cartridge"/>
      </concept>
      <concept>
        <code value="50048150"/>
        <display value="Powder and solvent for solution for injection in pre-filled pen"/>
      </concept>
      <concept>
        <code value="50048250"/>
        <display value="Powder and solvent for solution for injection in pre-filled syringe"/>
      </concept>
      <concept>
        <code value="13108000"/>
        <display value="Powder and solvent for suspension for injection in multidose container"/>
      </concept>
      <concept>
        <code value="50048300"/>
        <display value="Powder and solvent for suspension for injection in pre-filled syringe"/>
      </concept>
      <concept>
        <code value="50052500"/>
        <display value="Powder for oral solution in sachet"/>
      </concept>
      <concept>
        <code value="13147000"/>
        <display value="Powder for oral suspension in sachet"/>
      </concept>
      <concept>
        <code value="13060000"/>
        <display value="Powder for oral/rectal suspension in sachet"/>
      </concept>
      <concept>
        <code value="50056200"/>
        <display value="Prolonged-release granules in sachet"/>
      </concept>
      <concept>
        <code value="13112000"/>
        <display value="Prolonged-release suspension for injection in pre-filled pen"/>
      </concept>
      <concept>
        <code value="50056250"/>
        <display value="Prolonged-release suspension for injection in pre-filled syringe"/>
      </concept>
      <concept>
        <code value="50056600"/>
        <display value="Solution and suspension for suspension for injection in pre-filled syringe"/>
      </concept>
      <concept>
        <code value="11210500"/>
        <display value="Solution for infusion in administration system"/>
      </concept>
      <concept>
        <code value="13122000"/>
        <display value="Solution for infusion in cartridge"/>
      </concept>
      <concept>
        <code value="50058500"/>
        <display value="Solution for infusion in pre-filled syringe"/>
      </concept>
      <concept>
        <code value="13053000"/>
        <display value="Solution for injection in administration system"/>
      </concept>
      <concept>
        <code value="50060100"/>
        <display value="Solution for injection in cartridge"/>
      </concept>
      <concept>
        <code value="13071000"/>
        <display value="Solution for injection in dose-dispenser cartridge"/>
      </concept>
      <concept>
        <code value="13109000"/>
        <display value="Solution for injection in multidose container"/>
      </concept>
      <concept>
        <code value="50060150"/>
        <display value="Solution for injection in needle-free injector"/>
      </concept>
      <concept>
        <code value="13068000"/>
        <display value="Solution for injection in pre-filled injector"/>
      </concept>
      <concept>
        <code value="50060200"/>
        <display value="Solution for injection in pre-filled pen"/>
      </concept>
      <concept>
        <code value="50060300"/>
        <display value="Solution for injection in pre-filled syringe"/>
      </concept>
      <concept>
        <code value="50060500"/>
        <display value="Solution for injection/infusion in pre-filled syringe"/>
      </concept>
      <concept>
        <code value="50063100"/>
        <display value="Suspension for injection in cartridge"/>
      </concept>
      <concept>
        <code value="13110000"/>
        <display value="Suspension for injection in multidose container"/>
      </concept>
      <concept>
        <code value="13064000"/>
        <display value="Suspension for injection in pre-filled injector"/>
      </concept>
      <concept>
        <code value="50063200"/>
        <display value="Suspension for injection in pre-filled pen"/>
      </concept>
      <concept>
        <code value="50063300"/>
        <display value="Suspension for injection in pre-filled syringe"/>
      </concept>
      <concept>
        <code value="13094000"/>
        <display value="Syrup in sachet"/>
      </concept>
      <concept>
        <code value="13137000"/>
        <display value="Transdermal gel in sachet"/>
      </concept>
      <concept>
        <code value="14013000"/>
        <display value="Capsule, hard + tablet"/>
      </concept>
      <concept>
        <code value="14012000"/>
        <display value="Capsule, soft + tablet"/>
      </concept>
      <concept>
        <code value="14001000"/>
        <display value="Cream + pessary"/>
      </concept>
      <concept>
        <code value="14009000"/>
        <display value="Cream + vaginal capsule, soft"/>
      </concept>
      <concept>
        <code value="14010000"/>
        <display value="Cream + vaginal tablet"/>
      </concept>
      <concept>
        <code value="14002000"/>
        <display value="Cutaneous solution + medicated sponge"/>
      </concept>
      <concept>
        <code value="14006000"/>
        <display value="Effervescent granules + film-coated tablet"/>
      </concept>
      <concept>
        <code value="14016000"/>
        <display value="Effervescent granules + gastro-resistant tablet"/>
      </concept>
      <concept>
        <code value="14007000"/>
        <display value="Effervescent tablet + film-coated tablet"/>
      </concept>
      <concept>
        <code value="14017000"/>
        <display value="Eye drops, solution + eye ointment"/>
      </concept>
      <concept>
        <code value="14011000"/>
        <display value="Film-coated tablet + pessary"/>
      </concept>
      <concept>
        <code value="14014000"/>
        <display value="Film-coated tablet + tablet"/>
      </concept>
      <concept>
        <code value="14003000"/>
        <display value="Gastro-resistant tablet + rectal suspension"/>
      </concept>
      <concept>
        <code value="14015000"/>
        <display value="Ointment + vaginal tablet"/>
      </concept>
      <concept>
        <code value="14008000"/>
        <display value="Tablet + vaginal tablet"/>
      </concept>
      <concept>
        <code value="14004000"/>
        <display value="Vaginal capsule, soft + vaginal cream"/>
      </concept>
      <concept>
        <code value="14005000"/>
        <display value="Vaginal cream + vaginal tablet"/>
      </concept>
      <concept>
        <code value="17040"/>
        <display value="Ear drops"/>
      </concept>
      <concept>
        <code value="17090"/>
        <display value="Ear spray"/>
      </concept>
      <concept>
        <code value="17120"/>
        <display value="Ear wash"/>
      </concept>
      <concept>
        <code value="15130"/>
        <display value="Cutaneous liquid"/>
      </concept>
      <concept>
        <code value="15090"/>
        <display value="Cutaneous spray"/>
      </concept>
      <concept>
        <code value="14050"/>
        <display value="Dental liquid"/>
      </concept>
      <concept>
        <code value="31080"/>
        <display value="Gastroenteral liquid"/>
      </concept>
      <concept>
        <code value="18040"/>
        <display value="Nasal drops"/>
      </concept>
      <concept>
        <code value="18080"/>
        <display value="Nasal spray"/>
      </concept>
      <concept>
        <code value="16040"/>
        <display value="Eye drops"/>
      </concept>
      <concept>
        <code value="12100"/>
        <display value="Capsule"/>
      </concept>
      <concept>
        <code value="12120"/>
        <display value="Gastro-resistant capsule"/>
      </concept>
      <concept>
        <code value="11010"/>
        <display value="Oral drops"/>
      </concept>
      <concept>
        <code value="11050"/>
        <display value="Oral liquid"/>
      </concept>
      <concept>
        <code value="12150"/>
        <display value="Prolonged-release capsule"/>
      </concept>
      <concept>
        <code value="12200"/>
        <display value="Tablet"/>
      </concept>
      <concept>
        <code value="13220"/>
        <display value="Lozenge"/>
      </concept>
      <concept>
        <code value="13050"/>
        <display value="Oromucosal liquid"/>
      </concept>
      <concept>
        <code value="13100"/>
        <display value="Oromucosal spray"/>
      </concept>
      <concept>
        <code value="13150"/>
        <display value="Sublingual spray"/>
      </concept>
      <concept>
        <code value="22100"/>
        <display value="Infusion"/>
      </concept>
      <concept>
        <code value="22010"/>
        <display value="Injection"/>
      </concept>
      <concept>
        <code value="31100"/>
        <display value="Injection/infusion"/>
      </concept>
      <concept>
        <code value="22030"/>
        <display value="Powder for concentrate"/>
      </concept>
      <concept>
        <code value="22120"/>
        <display value="Powder for infusion"/>
      </concept>
      <concept>
        <code value="22050"/>
        <display value="Powder for injection"/>
      </concept>
      <concept>
        <code value="22060"/>
        <display value="Powder for prolonged-release injection"/>
      </concept>
      <concept>
        <code value="22090"/>
        <display value="Sterile concentrate"/>
      </concept>
      <concept>
        <code value="26010"/>
        <display value="Endotracheopulmonary instillation"/>
      </concept>
      <concept>
        <code value="21100"/>
        <display value="Inhalation powder"/>
      </concept>
      <concept>
        <code value="21140"/>
        <display value="Inhalation vapour"/>
      </concept>
      <concept>
        <code value="21010"/>
        <display value="Nebuliser liquid"/>
      </concept>
      <concept>
        <code value="21060"/>
        <display value="Pressurised inhalation"/>
      </concept>
      <concept>
        <code value="20050"/>
        <display value="Enema"/>
      </concept>
      <concept>
        <code value="31030"/>
        <display value="Blood fraction modifier"/>
      </concept>
      <concept>
        <code value="19100"/>
        <display value="Vaginal capsule"/>
      </concept>
      <concept>
        <code value="19050"/>
        <display value="Vaginal liquid"/>
      </concept>
      <concept>
        <code value="13165000"/>
        <display value="Suspension for gel"/>
      </concept>
      <concept>
        <code value="13167000"/>
        <display value="Oromucosal drops, emulsion"/>
      </concept>
      <concept>
        <code value="13168000"/>
        <display value="Oromucosal drops, solution"/>
      </concept>
      <concept>
        <code value="13169000"/>
        <display value="Oromucosal drops, suspension"/>
      </concept>
      <concept>
        <code value="13175000"/>
        <display value="Prolonged-release chewable tablet"/>
      </concept>
      <concept>
        <code value="13176000"/>
        <display value="Powder for prolonged-release oral suspension"/>
      </concept>
      <concept>
        <code value="13177000"/>
        <display value="Granules for gastro-resistant oral suspension"/>
      </concept>
      <concept>
        <code value="13178000"/>
        <display value="Powder for gastro-resistant oral suspension"/>
      </concept>
      <concept>
        <code value="13179000"/>
        <display value="Granules for modified-release oral suspension"/>
      </concept>
      <concept>
        <code value="13180000"/>
        <display value="Granules for prolonged-release oral suspension"/>
      </concept>
      <concept>
        <code value="13184000"/>
        <display value="Powder for solution for provocation test"/>
      </concept>
      <concept>
        <code value="13186000"/>
        <display value="Implantation gel"/>
      </concept>
      <concept>
        <code value="13187000"/>
        <display value="Dispersion for implantation gel"/>
      </concept>
      <concept>
        <code value="13188000"/>
        <display value="Solution for implantation gel"/>
      </concept>
      <concept>
        <code value="13166000"/>
        <display value="Suspension and gel for gel"/>
      </concept>
      <concept>
        <code value="13170000"/>
        <display value="Dispersion, powder and solvent for concentrate for dispersion for infusion"/>
      </concept>
      <concept>
        <code value="13171000"/>
        <display value="Powder and effervescent powder for oral suspension"/>
      </concept>
      <concept>
        <code value="13172000"/>
        <display value="Powder and tablet for oral solution"/>
      </concept>
      <concept>
        <code value="13173000"/>
        <display value="Suspension and effervescent powder for oral suspension"/>
      </concept>
      <concept>
        <code value="13181000"/>
        <display value="Powder and solvent for gastro-resistant oral suspension"/>
      </concept>
      <concept>
        <code value="13185000"/>
        <display value="Powder and solvent for solution for provocation test"/>
      </concept>
      <concept>
        <code value="13189000"/>
        <display value="Dispersion and solution for implantation gel"/>
      </concept>
      <concept>
        <code value="50062000"/>
        <display value="Suspension and effervescent granules for oral suspension"/>
      </concept>
      <concept>
        <code value="31120"/>
        <display value="Oromucosal drops"/>
      </concept>
      <concept>
        <code value="13182000"/>
        <display value="Granules for gastro-resistant oral suspension in sachet"/>
      </concept>
      <concept>
        <code value="13183000"/>
        <display value="Granules for prolonged-release oral suspension in sachet"/>
      </concept>
      <concept>
        <code value="13192000"/>
        <display value="Intracameral implant in applicator"/>
      </concept>
      <concept>
        <code value="13194000"/>
        <display value="Prolonged-release solution for injection in pre-filled pen"/>
      </concept>
      <concept>
        <code value="13195000"/>
        <display value="Film-coated granules in sachet"/>
      </concept>
      <concept>
        <code value="13190000"/>
        <display value="Intracameral implant"/>
      </concept>
      <concept>
        <code value="13191000"/>
        <display value="Intravitreal implant"/>
      </concept>
      <concept>
        <code value="13196000"/>
        <display value="Sublingual solution"/>
      </concept>
      <concept>
        <code value="13197000"/>
        <display value="Granules in capsule for opening"/>
      </concept>
      <concept>
        <code value="13198000"/>
        <display value="Oral powder in capsule for opening"/>
      </concept>
    </include>
  </compose>
</ValueSet>