<?xml version="1.0" encoding="UTF-8"?>

<ValueSet xmlns="http://hl7.org/fhir">
  <id value="eHDSIBloodPressure"/>
  <url value="http://hl7europe.org/fhir/terminology/ehdsi/ValueSet/eHDSIBloodPressure"/>
  <identifier>
    <system value="urn:ietf:rfc:3986"/>
    <value value="urn:uuid:1.3.6.1.4.1.12559.11.10.1.3.1.42.21"/>
  </identifier>
  <version value="0.2.0"/>
  <name value="eHDSIBloodPressure"/>
  <title value="eHDSI Blood Pressure"/>
  <status value="draft"/>
  <experimental value="false"/>
  <date value="2025-02-08T05:43:06+00:00"/>
  <publisher value="HL7 Europe"/>
  <contact>
    <name value="HL7 Europe"/>
    <telecom>
      <system value="url"/>
      <value value="http://hl7europe.org"/>
    </telecom>
  </contact>
  <description value="The Value Set is used for the observations of Blood Pressure recorded in the section for Vital Signs Observations in the Patient Summary. It codes what type of pressure (diastolic, systolic) is measured."/>
  <compose>
    <include>
      <system value="http://loinc.org"/>
      <concept>
        <code value="8462-4"/>
        <display value="Diastolic blood pressure"/>
      </concept>
      <concept>
        <code value="8480-6"/>
        <display value="Systolic blood pressure"/>
      </concept>
    </include>
  </compose>
</ValueSet>