<?xml version="1.0" encoding="UTF-8"?>

<ValueSet xmlns="http://hl7.org/fhir">
  <id value="eHDSISeverity"/>
  <url value="http://hl7europe.org/fhir/terminology/ehdsi/ValueSet/eHDSISeverity"/>
  <identifier>
    <system value="urn:ietf:rfc:3986"/>
    <value value="urn:uuid:1.3.6.1.4.1.12559.11.10.1.3.1.42.13"/>
  </identifier>
  <version value="0.2.0"/>
  <name value="eHDSISeverity"/>
  <title value="eHDSI Severity"/>
  <status value="draft"/>
  <experimental value="false"/>
  <date value="2025-02-08T05:43:06+00:00"/>
  <publisher value="HL7 Europe"/>
  <contact>
    <name value="HL7 Europe"/>
    <telecom>
      <system value="url"/>
      <value value="http://hl7europe.org"/>
    </telecom>
  </contact>
  <description value="The Value Set is used for all Problems and Allergies in the Patient Summary to indicate the severity of the problem (or Allergy)"/>
  <compose>
    <include>
      <system value="http://snomed.info/sct"/>
      <concept>
        <code value="442452003"/>
        <display value="Life threatening severity"/>
      </concept>
      <concept>
        <code value="255604002"/>
        <display value="Mild"/>
      </concept>
      <concept>
        <code value="371923003"/>
        <display value="Mild to moderate"/>
      </concept>
      <concept>
        <code value="6736007"/>
        <display value="Moderate"/>
      </concept>
      <concept>
        <code value="371924009"/>
        <display value="Moderate to severe"/>
      </concept>
      <concept>
        <code value="24484000"/>
        <display value="Severe"/>
      </concept>
    </include>
  </compose>
</ValueSet>