<?xml version="1.0" encoding="UTF-8"?>

<ValueSet xmlns="http://hl7.org/fhir">
  <id value="eHDSILaboratoryReportType"/>
  <url value="http://hl7europe.org/fhir/terminology/ehdsi/ValueSet/eHDSILaboratoryReportType"/>
  <identifier>
    <system value="urn:ietf:rfc:3986"/>
    <value value="urn:uuid:1.3.6.1.4.1.12559.11.10.1.3.1.42.52"/>
  </identifier>
  <version value="0.2.0"/>
  <name value="eHDSILaboratoryReportType"/>
  <title value="eHDSI Laboratory Report Types"/>
  <status value="draft"/>
  <experimental value="false"/>
  <date value="2025-02-08T05:43:06+00:00"/>
  <publisher value="HL7 Europe"/>
  <contact>
    <name value="HL7 Europe"/>
    <telecom>
      <system value="url"/>
      <value value="http://hl7europe.org"/>
    </telecom>
  </contact>
  <description value="eHDSI Laboratory Report Types"/>
  <compose>
    <include>
      <system value="http://loinc.org"/>
      <concept>
        <code value="11502-2"/>
        <display value="Laboratory report"/>
      </concept>
    </include>
  </compose>
</ValueSet>