<?xml version="1.0" encoding="UTF-8"?>

<ValueSet xmlns="http://hl7.org/fhir">
  <id value="eHDSILabStudyType"/>
  <url value="http://hl7europe.org/fhir/terminology/ehdsi/ValueSet/eHDSILabStudyType"/>
  <identifier>
    <system value="urn:ietf:rfc:3986"/>
    <value value="urn:uuid:1.3.6.1.4.1.12559.11.10.1.3.1.42.66"/>
  </identifier>
  <version value="0.2.0"/>
  <name value="eHDSILabStudyType"/>
  <title value="eHDSI Laboratory Study Types"/>
  <status value="draft"/>
  <experimental value="false"/>
  <date value="2025-02-08T05:43:06+00:00"/>
  <publisher value="HL7 Europe"/>
  <contact>
    <name value="HL7 Europe"/>
    <telecom>
      <system value="url"/>
      <value value="http://hl7europe.org"/>
    </telecom>
  </contact>
  <description value="eHDSI Laboratory Study Types. Notes: Note 1: 26436-6 (Laboratory studies) enables issuing a report putting together observations from multiple specialties (disciplines) in the same text block, allowing delivery of a global interpretation comment at the end of the text block that will be rendered at the end of the report. Note 2: Mycology and parasitology, as well as bacteriology, are part of the 18725-2 (Microbiology studies (set)) studies. Note 3: Virology MAY be included in 18725-2 (MICROBIOLOGY STUDIES) or 18727-8 (SEROLOGY STUDIES) or split between both study types, depending upon the Content Creator Actor’s choice."/>
  <compose>
    <include>
      <system value="http://loinc.org"/>
      <concept>
        <code value="18717-9"/>
        <display value="Blood bank studies (set)"/>
      </concept>
      <concept>
        <code value="18719-5"/>
        <display value="Chemistry studies (set)"/>
      </concept>
      <concept>
        <code value="18722-9"/>
        <display value="Fertility studies (set)"/>
      </concept>
      <concept>
        <code value="18723-7"/>
        <display value="Hematology studies (set)"/>
      </concept>
      <concept>
        <code value="18725-2"/>
        <display value="Microbiology studies (set)"/>
      </concept>
      <concept>
        <code value="18728-6"/>
        <display value="Toxicology studies (set)"/>
      </concept>
      <concept>
        <code value="26436-6"/>
        <display value="Laboratory studies (set)"/>
      </concept>
    </include>
  </compose>
</ValueSet>