<?xml version="1.0" encoding="UTF-8"?>

<ValueSet xmlns="http://hl7.org/fhir">
  <id value="eHDSILanguage-8.1.0"/>
  <url value="http://terminology.ehdsi.eu/ValueSet/eHDSILanguage"/>
  <identifier>
    <system value="urn:ietf:rfc:3986"/>
    <value value="urn:oid:1.3.6.1.4.1.12559.11.10.1.3.1.42.6"/>
  </identifier>
  <version value="0.2.0"/>
  <name value="eHDSILanguage"/>
  <title value="eHDSI Language"/>
  <status value="active"/>
  <experimental value="false"/>
  <date value="2025-12-23T10:21:27+00:00"/>
  <publisher value="HL7 Europe"/>
  <contact>
    <name value="HL7 Europe"/>
    <telecom>
      <system value="url"/>
      <value value="http://hl7europe.org"/>
    </telecom>
  </contact>
  <description value="The Value Set is used to identify the language the document will be written with."/>
  <compose>
    <include>
      <system value="urn:ietf:bcp:47"/>
      <concept>
        <code value="af-NA"/>
        <display value="Afrikaans-NAMIBIA"/>
      </concept>
      <concept>
        <code value="af-ZA"/>
        <display value="Afrikaans-SOUTH AFRICA"/>
      </concept>
      <concept>
        <code value="ak-GH"/>
        <display value="Akan-GHANA"/>
      </concept>
      <concept>
        <code value="am-ET"/>
        <display value="Amharic-ETHIOPIA"/>
      </concept>
      <concept>
        <code value="ar-AE"/>
        <display value="Arabic-UNITED ARAB EMIRATES"/>
      </concept>
      <concept>
        <code value="ar-BH"/>
        <display value="Arabic-BAHRAIN"/>
      </concept>
      <concept>
        <code value="ar-DJ"/>
        <display value="Arabic-DJIBOUTI"/>
      </concept>
      <concept>
        <code value="ar-DZ"/>
        <display value="Arabic-ALGERIA"/>
      </concept>
      <concept>
        <code value="ar-EG"/>
        <display value="Arabic-EGYPT"/>
      </concept>
      <concept>
        <code value="ar-EH"/>
        <display value="Arabic-WESTERN SAHARA"/>
      </concept>
      <concept>
        <code value="ar-ER"/>
        <display value="Arabic-ERITREA"/>
      </concept>
      <concept>
        <code value="ar-IL"/>
        <display value="Arabic-ISRAEL"/>
      </concept>
      <concept>
        <code value="ar-IQ"/>
        <display value="Arabic-IRAQ"/>
      </concept>
      <concept>
        <code value="ar-JO"/>
        <display value="Arabic-JORDAN"/>
      </concept>
      <concept>
        <code value="ar-KM"/>
        <display value="Arabic-COMOROS"/>
      </concept>
      <concept>
        <code value="ar-KW"/>
        <display value="Arabic-KUWAIT"/>
      </concept>
      <concept>
        <code value="ar-LB"/>
        <display value="Arabic-LEBANON"/>
      </concept>
      <concept>
        <code value="ar-LY"/>
        <display value="Arabic-LIBYA"/>
      </concept>
      <concept>
        <code value="ar-MA"/>
        <display value="Arabic-MOROCCO"/>
      </concept>
      <concept>
        <code value="ar-MR"/>
        <display value="Arabic-MAURITANIA"/>
      </concept>
      <concept>
        <code value="ar-OM"/>
        <display value="Arabic-OMAN"/>
      </concept>
      <concept>
        <code value="ar-PS"/>
        <display value="Arabic-PALESTINE, STATE OF"/>
      </concept>
      <concept>
        <code value="ar-QA"/>
        <display value="Arabic-QATAR"/>
      </concept>
      <concept>
        <code value="ar-SA"/>
        <display value="Arabic-SAUDI ARABIA"/>
      </concept>
      <concept>
        <code value="ar-SD"/>
        <display value="Arabic-SUDAN"/>
      </concept>
      <concept>
        <code value="ar-SO"/>
        <display value="Arabic-SOMALIA"/>
      </concept>
      <concept>
        <code value="ar-SS"/>
        <display value="Arabic-SOUTH SUDAN"/>
      </concept>
      <concept>
        <code value="ar-SY"/>
        <display value="Arabic-SYRIAN ARAB REPUBLIC"/>
      </concept>
      <concept>
        <code value="ar-TD"/>
        <display value="Arabic-CHAD"/>
      </concept>
      <concept>
        <code value="ar-TN"/>
        <display value="Arabic-TUNISIA"/>
      </concept>
      <concept>
        <code value="ar-YE"/>
        <display value="Arabic-YEMEN"/>
      </concept>
      <concept>
        <code value="as-IN"/>
        <display value="Assamese-INDIA"/>
      </concept>
      <concept>
        <code value="az-AZ"/>
        <display value="Azerbaijani-AZERBAIJAN"/>
      </concept>
      <concept>
        <code value="be-BY"/>
        <display value="Belarusian-BELARUS"/>
      </concept>
      <concept>
        <code value="bg-BG"/>
        <display value="Bulgarian-BULGARIA"/>
      </concept>
      <concept>
        <code value="bm-ML"/>
        <display value="Bambara-MALI"/>
      </concept>
      <concept>
        <code value="bn-BD"/>
        <display value="Bengali-BANGLADESH"/>
      </concept>
      <concept>
        <code value="bn-IN"/>
        <display value="Bengali-INDIA"/>
      </concept>
      <concept>
        <code value="bo-CN"/>
        <display value="Tibetan-CHINA"/>
      </concept>
      <concept>
        <code value="bo-IN"/>
        <display value="Tibetan-INDIA"/>
      </concept>
      <concept>
        <code value="br-FR"/>
        <display value="Breton-FRANCE"/>
      </concept>
      <concept>
        <code value="bs-BA"/>
        <display value="Bosnian-BOSNIA AND HERZEGOVINA"/>
      </concept>
      <concept>
        <code value="ca-AD"/>
        <display value="Catalan; Valencian-ANDORRA"/>
      </concept>
      <concept>
        <code value="ca-ES"/>
        <display value="Catalan; Valencian-SPAIN"/>
      </concept>
      <concept>
        <code value="ca-FR"/>
        <display value="Catalan; Valencian-FRANCE"/>
      </concept>
      <concept>
        <code value="ca-IT"/>
        <display value="Catalan; Valencian-ITALY"/>
      </concept>
      <concept>
        <code value="cs-CZ"/>
        <display value="Czech-CZECH REPUBLIC"/>
      </concept>
      <concept>
        <code value="cy-GB"/>
        <display value="Welsh-UNITED KINGDOM OF GREAT BRITAIN AND NORTHERN IRELAND"/>
      </concept>
      <concept>
        <code value="da-DK"/>
        <display value="Danish-DENMARK"/>
      </concept>
      <concept>
        <code value="da-GL"/>
        <display value="Danish-GREENLAND"/>
      </concept>
      <concept>
        <code value="de-AT"/>
        <display value="German-AUSTRIA"/>
      </concept>
      <concept>
        <code value="de-BE"/>
        <display value="German-BELGIUM"/>
      </concept>
      <concept>
        <code value="de-CH"/>
        <display value="German-SWITZERLAND"/>
      </concept>
      <concept>
        <code value="de-DE"/>
        <display value="German-GERMANY"/>
      </concept>
      <concept>
        <code value="de-LI"/>
        <display value="German-LIECHTENSTEIN"/>
      </concept>
      <concept>
        <code value="de-LU"/>
        <display value="German-LUXEMBOURG"/>
      </concept>
      <concept>
        <code value="dz-BT"/>
        <display value="Dzongkha-BHUTAN"/>
      </concept>
      <concept>
        <code value="ee-GH"/>
        <display value="Ewe-GHANA"/>
      </concept>
      <concept>
        <code value="ee-TG"/>
        <display value="Ewe-TOGO"/>
      </concept>
      <concept>
        <code value="el-CY"/>
        <display value="Greek, Modern (1453-)-CYPRUS"/>
      </concept>
      <concept>
        <code value="el-GR"/>
        <display value="Greek, Modern (1453-)-GREECE"/>
      </concept>
      <concept>
        <code value="en-AG"/>
        <display value="English-ANTIGUA AND BARBUDA"/>
      </concept>
      <concept>
        <code value="en-AI"/>
        <display value="English-ANGUILLA"/>
      </concept>
      <concept>
        <code value="en-AS"/>
        <display value="English-AMERICAN SAMOA"/>
      </concept>
      <concept>
        <code value="en-AU"/>
        <display value="English-AUSTRALIA"/>
      </concept>
      <concept>
        <code value="en-BB"/>
        <display value="English-BARBADOS"/>
      </concept>
      <concept>
        <code value="en-BE"/>
        <display value="English-BELGIUM"/>
      </concept>
      <concept>
        <code value="en-BM"/>
        <display value="English-BERMUDA"/>
      </concept>
      <concept>
        <code value="en-BS"/>
        <display value="English-BAHAMAS"/>
      </concept>
      <concept>
        <code value="en-BW"/>
        <display value="English-BOTSWANA"/>
      </concept>
      <concept>
        <code value="en-BZ"/>
        <display value="English-BELIZE"/>
      </concept>
      <concept>
        <code value="en-CA"/>
        <display value="English-CANADA"/>
      </concept>
      <concept>
        <code value="en-CC"/>
        <display value="English-COCOS (KEELING) ISLANDS"/>
      </concept>
      <concept>
        <code value="en-CK"/>
        <display value="English-COOK ISLANDS"/>
      </concept>
      <concept>
        <code value="en-CM"/>
        <display value="English-CAMEROON"/>
      </concept>
      <concept>
        <code value="en-CX"/>
        <display value="English-CHRISTMAS ISLAND"/>
      </concept>
      <concept>
        <code value="en-DM"/>
        <display value="English-DOMINICA"/>
      </concept>
      <concept>
        <code value="en-ER"/>
        <display value="English-ERITREA"/>
      </concept>
      <concept>
        <code value="en-FJ"/>
        <display value="English-FIJI"/>
      </concept>
      <concept>
        <code value="en-FK"/>
        <display value="English-FALKLAND ISLANDS (MALVINAS)"/>
      </concept>
      <concept>
        <code value="en-FM"/>
        <display value="English-MICRONESIA (FEDERATED STATES OF)"/>
      </concept>
      <concept>
        <code value="en-GB"/>
        <display value="English-UNITED KINGDOM OF GREAT BRITAIN AND NORTHERN IRELAND"/>
      </concept>
      <concept>
        <code value="en-GD"/>
        <display value="English-GRENADA"/>
      </concept>
      <concept>
        <code value="en-GG"/>
        <display value="English-GUERNSEY"/>
      </concept>
      <concept>
        <code value="en-GH"/>
        <display value="English-GHANA"/>
      </concept>
      <concept>
        <code value="en-GI"/>
        <display value="English-GIBRALTAR"/>
      </concept>
      <concept>
        <code value="en-GM"/>
        <display value="English-GAMBIA"/>
      </concept>
      <concept>
        <code value="en-GU"/>
        <display value="English-GUAM"/>
      </concept>
      <concept>
        <code value="en-GY"/>
        <display value="English-GUYANA"/>
      </concept>
      <concept>
        <code value="en-HK"/>
        <display value="English-HONG KONG"/>
      </concept>
      <concept>
        <code value="en-IE"/>
        <display value="English-IRELAND"/>
      </concept>
      <concept>
        <code value="en-IM"/>
        <display value="English-ISLE OF MAN"/>
      </concept>
      <concept>
        <code value="en-IN"/>
        <display value="English-INDIA"/>
      </concept>
      <concept>
        <code value="en-IO"/>
        <display value="English-BRITISH INDIAN OCEAN TERRITORY"/>
      </concept>
      <concept>
        <code value="en-JE"/>
        <display value="English-JERSEY"/>
      </concept>
      <concept>
        <code value="en-JM"/>
        <display value="English-JAMAICA"/>
      </concept>
      <concept>
        <code value="en-KE"/>
        <display value="English-KENYA"/>
      </concept>
      <concept>
        <code value="en-KI"/>
        <display value="English-KIRIBATI"/>
      </concept>
      <concept>
        <code value="en-KN"/>
        <display value="English-SAINT KITTS AND NEVIS"/>
      </concept>
      <concept>
        <code value="en-KY"/>
        <display value="English-CAYMAN ISLANDS"/>
      </concept>
      <concept>
        <code value="en-LC"/>
        <display value="English-SAINT LUCIA"/>
      </concept>
      <concept>
        <code value="en-LR"/>
        <display value="English-LIBERIA"/>
      </concept>
      <concept>
        <code value="en-LS"/>
        <display value="English-LESOTHO"/>
      </concept>
      <concept>
        <code value="en-MG"/>
        <display value="English-MADAGASCAR"/>
      </concept>
      <concept>
        <code value="en-MH"/>
        <display value="English-MARSHALL ISLANDS"/>
      </concept>
      <concept>
        <code value="en-MO"/>
        <display value="English-MACAO"/>
      </concept>
      <concept>
        <code value="en-MP"/>
        <display value="English-NORTHERN MARIANA ISLANDS"/>
      </concept>
      <concept>
        <code value="en-MS"/>
        <display value="English-MONTSERRAT"/>
      </concept>
      <concept>
        <code value="en-MT"/>
        <display value="English-MALTA"/>
      </concept>
      <concept>
        <code value="en-MU"/>
        <display value="English-MAURITIUS"/>
      </concept>
      <concept>
        <code value="en-MW"/>
        <display value="English-MALAWI"/>
      </concept>
      <concept>
        <code value="en-MY"/>
        <display value="English-MALAYSIA"/>
      </concept>
      <concept>
        <code value="en-NA"/>
        <display value="English-NAMIBIA"/>
      </concept>
      <concept>
        <code value="en-NF"/>
        <display value="English-NORFOLK ISLAND"/>
      </concept>
      <concept>
        <code value="en-NG"/>
        <display value="English-NIGERIA"/>
      </concept>
      <concept>
        <code value="en-NR"/>
        <display value="English-NAURU"/>
      </concept>
      <concept>
        <code value="en-NU"/>
        <display value="English-NIUE"/>
      </concept>
      <concept>
        <code value="en-NZ"/>
        <display value="English-NEW ZEALAND"/>
      </concept>
      <concept>
        <code value="en-PG"/>
        <display value="English-PAPUA NEW GUINEA"/>
      </concept>
      <concept>
        <code value="en-PH"/>
        <display value="English-PHILIPPINES"/>
      </concept>
      <concept>
        <code value="en-PK"/>
        <display value="English-PAKISTAN"/>
      </concept>
      <concept>
        <code value="en-PN"/>
        <display value="English-PITCAIRN"/>
      </concept>
      <concept>
        <code value="en-PR"/>
        <display value="English-PUERTO RICO"/>
      </concept>
      <concept>
        <code value="en-PW"/>
        <display value="English-PALAU"/>
      </concept>
      <concept>
        <code value="en-RW"/>
        <display value="English-RWANDA"/>
      </concept>
      <concept>
        <code value="en-SB"/>
        <display value="English-SOLOMON ISLANDS"/>
      </concept>
      <concept>
        <code value="en-SC"/>
        <display value="English-SEYCHELLES"/>
      </concept>
      <concept>
        <code value="en-SD"/>
        <display value="English-SUDAN"/>
      </concept>
      <concept>
        <code value="en-SG"/>
        <display value="English-SINGAPORE"/>
      </concept>
      <concept>
        <code value="en-SH"/>
        <display value="English-SAINT HELENA, ASCENSION AND TRISTAN DA CUNHA"/>
      </concept>
      <concept>
        <code value="en-SL"/>
        <display value="English-SIERRA LEONE"/>
      </concept>
      <concept>
        <code value="en-SS"/>
        <display value="English-SOUTH SUDAN"/>
      </concept>
      <concept>
        <code value="en-SX"/>
        <display value="English-SINT MAARTEN (DUTCH PART)"/>
      </concept>
      <concept>
        <code value="en-SZ"/>
        <display value="English-SWAZILAND"/>
      </concept>
      <concept>
        <code value="en-TC"/>
        <display value="English-TURKS AND CAICOS ISLANDS"/>
      </concept>
      <concept>
        <code value="en-TK"/>
        <display value="English-TOKELAU"/>
      </concept>
      <concept>
        <code value="en-TO"/>
        <display value="English-TONGA"/>
      </concept>
      <concept>
        <code value="en-TT"/>
        <display value="English-TRINIDAD AND TOBAGO"/>
      </concept>
      <concept>
        <code value="en-TV"/>
        <display value="English-TUVALU"/>
      </concept>
      <concept>
        <code value="en-TZ"/>
        <display value="English-TANZANIA, UNITED REPUBLIC OF"/>
      </concept>
      <concept>
        <code value="en-UG"/>
        <display value="English-UGANDA"/>
      </concept>
      <concept>
        <code value="en-UM"/>
        <display value="English-UNITED STATES MINOR OUTLYING ISLANDS"/>
      </concept>
      <concept>
        <code value="en-US"/>
        <display value="English-UNITED STATES OF AMERICA"/>
      </concept>
      <concept>
        <code value="en-VC"/>
        <display value="English-SAINT VINCENT AND THE GRENADINES"/>
      </concept>
      <concept>
        <code value="en-VG"/>
        <display value="English-VIRGIN ISLANDS, BRITISH"/>
      </concept>
      <concept>
        <code value="en-VI"/>
        <display value="English-VIRGIN ISLANDS, U.S."/>
      </concept>
      <concept>
        <code value="en-VU"/>
        <display value="English-VANUATU"/>
      </concept>
      <concept>
        <code value="en-WS"/>
        <display value="English-SAMOA"/>
      </concept>
      <concept>
        <code value="en-ZA"/>
        <display value="English-SOUTH AFRICA"/>
      </concept>
      <concept>
        <code value="en-ZM"/>
        <display value="English-ZAMBIA"/>
      </concept>
      <concept>
        <code value="en-ZW"/>
        <display value="English-ZIMBABWE"/>
      </concept>
      <concept>
        <code value="es-AR"/>
        <display value="Spanish; Castilian-ARGENTINA"/>
      </concept>
      <concept>
        <code value="es-BO"/>
        <display value="Spanish; Castilian-BOLIVIA (PLURINATIONAL STATE OF)"/>
      </concept>
      <concept>
        <code value="es-CL"/>
        <display value="Spanish; Castilian-CHILE"/>
      </concept>
      <concept>
        <code value="es-CO"/>
        <display value="Spanish; Castilian-COLOMBIA"/>
      </concept>
      <concept>
        <code value="es-CR"/>
        <display value="Spanish; Castilian-COSTA RICA"/>
      </concept>
      <concept>
        <code value="es-CU"/>
        <display value="Spanish; Castilian-CUBA"/>
      </concept>
      <concept>
        <code value="es-DO"/>
        <display value="Spanish; Castilian-DOMINICAN REPUBLIC"/>
      </concept>
      <concept>
        <code value="es-EC"/>
        <display value="Spanish; Castilian-ECUADOR"/>
      </concept>
      <concept>
        <code value="es-ES"/>
        <display value="Spanish; Castilian-SPAIN"/>
      </concept>
      <concept>
        <code value="es-GQ"/>
        <display value="Spanish; Castilian-EQUATORIAL GUINEA"/>
      </concept>
      <concept>
        <code value="es-GT"/>
        <display value="Spanish; Castilian-GUATEMALA"/>
      </concept>
      <concept>
        <code value="es-HN"/>
        <display value="Spanish; Castilian-HONDURAS"/>
      </concept>
      <concept>
        <code value="es-MX"/>
        <display value="Spanish; Castilian-MEXICO"/>
      </concept>
      <concept>
        <code value="es-NI"/>
        <display value="Spanish; Castilian-NICARAGUA"/>
      </concept>
      <concept>
        <code value="es-PA"/>
        <display value="Spanish; Castilian-PANAMA"/>
      </concept>
      <concept>
        <code value="es-PE"/>
        <display value="Spanish; Castilian-PERU"/>
      </concept>
      <concept>
        <code value="es-PH"/>
        <display value="Spanish; Castilian-PHILIPPINES"/>
      </concept>
      <concept>
        <code value="es-PR"/>
        <display value="Spanish; Castilian-PUERTO RICO"/>
      </concept>
      <concept>
        <code value="es-PY"/>
        <display value="Spanish; Castilian-PARAGUAY"/>
      </concept>
      <concept>
        <code value="es-SV"/>
        <display value="Spanish; Castilian-EL SALVADOR"/>
      </concept>
      <concept>
        <code value="es-US"/>
        <display value="Spanish; Castilian-UNITED STATES OF AMERICA"/>
      </concept>
      <concept>
        <code value="es-UY"/>
        <display value="Spanish; Castilian-URUGUAY"/>
      </concept>
      <concept>
        <code value="es-VE"/>
        <display value="Spanish; Castilian-VENEZUELA (BOLIVARIAN REPUBLIC OF)"/>
      </concept>
      <concept>
        <code value="et-EE"/>
        <display value="Estonian-ESTONIA"/>
      </concept>
      <concept>
        <code value="eu-ES"/>
        <display value="Basque-SPAIN"/>
      </concept>
      <concept>
        <code value="fa-AF"/>
        <display value="Persian-AFGHANISTAN"/>
      </concept>
      <concept>
        <code value="fa-IR"/>
        <display value="Persian-IRAN (ISLAMIC REPUBLIC OF)"/>
      </concept>
      <concept>
        <code value="ff-CM"/>
        <display value="Fulah-CAMEROON"/>
      </concept>
      <concept>
        <code value="ff-GN"/>
        <display value="Fulah-GUINEA"/>
      </concept>
      <concept>
        <code value="ff-MR"/>
        <display value="Fulah-MAURITANIA"/>
      </concept>
      <concept>
        <code value="ff-SN"/>
        <display value="Fulah-SENEGAL"/>
      </concept>
      <concept>
        <code value="fi-FI"/>
        <display value="Finnish-FINLAND"/>
      </concept>
      <concept>
        <code value="fo-FO"/>
        <display value="Faroese-FAROE ISLANDS"/>
      </concept>
      <concept>
        <code value="fr-BE"/>
        <display value="French-BELGIUM"/>
      </concept>
      <concept>
        <code value="fr-BF"/>
        <display value="French-BURKINA FASO"/>
      </concept>
      <concept>
        <code value="fr-BI"/>
        <display value="French-BURUNDI"/>
      </concept>
      <concept>
        <code value="fr-BJ"/>
        <display value="French-BENIN"/>
      </concept>
      <concept>
        <code value="fr-BL"/>
        <display value="French-SAINT BARTHÉLEMY"/>
      </concept>
      <concept>
        <code value="fr-CA"/>
        <display value="French-CANADA"/>
      </concept>
      <concept>
        <code value="fr-CD"/>
        <display value="French-CONGO, DEMOCRATIC REPUBLIC OF"/>
      </concept>
      <concept>
        <code value="fr-CF"/>
        <display value="French-CENTRAL AFRICAN REPUBLIC"/>
      </concept>
      <concept>
        <code value="fr-CG"/>
        <display value="French-CONGO"/>
      </concept>
      <concept>
        <code value="fr-CH"/>
        <display value="French-SWITZERLAND"/>
      </concept>
      <concept>
        <code value="fr-CI"/>
        <display value="French-COTE D'IVOIRE"/>
      </concept>
      <concept>
        <code value="fr-CM"/>
        <display value="French-CAMEROON"/>
      </concept>
      <concept>
        <code value="fr-DJ"/>
        <display value="French-DJIBOUTI"/>
      </concept>
      <concept>
        <code value="fr-DZ"/>
        <display value="French-ALGERIA"/>
      </concept>
      <concept>
        <code value="fr-FR"/>
        <display value="French-FRANCE"/>
      </concept>
      <concept>
        <code value="fr-GA"/>
        <display value="French-GABON"/>
      </concept>
      <concept>
        <code value="fr-GF"/>
        <display value="French-FRENCH GUIANA"/>
      </concept>
      <concept>
        <code value="fr-GN"/>
        <display value="French-GUINEA"/>
      </concept>
      <concept>
        <code value="fr-GP"/>
        <display value="French-GUADELOUPE"/>
      </concept>
      <concept>
        <code value="fr-GQ"/>
        <display value="French-EQUATORIAL GUINEA"/>
      </concept>
      <concept>
        <code value="fr-HT"/>
        <display value="French-HAITI"/>
      </concept>
      <concept>
        <code value="fr-KM"/>
        <display value="French-COMOROS"/>
      </concept>
      <concept>
        <code value="fr-LU"/>
        <display value="French-LUXEMBOURG"/>
      </concept>
      <concept>
        <code value="fr-MA"/>
        <display value="French-MOROCCO"/>
      </concept>
      <concept>
        <code value="fr-MC"/>
        <display value="French-MONACO"/>
      </concept>
      <concept>
        <code value="fr-MF"/>
        <display value="French-SAINT MARTIN (FRENCH PART)"/>
      </concept>
      <concept>
        <code value="fr-MG"/>
        <display value="French-MADAGASCAR"/>
      </concept>
      <concept>
        <code value="fr-ML"/>
        <display value="French-MALI"/>
      </concept>
      <concept>
        <code value="fr-MQ"/>
        <display value="French-MARTINIQUE"/>
      </concept>
      <concept>
        <code value="fr-MR"/>
        <display value="French-MAURITANIA"/>
      </concept>
      <concept>
        <code value="fr-MU"/>
        <display value="French-MAURITIUS"/>
      </concept>
      <concept>
        <code value="fr-NC"/>
        <display value="French-NEW CALEDONIA"/>
      </concept>
      <concept>
        <code value="fr-NE"/>
        <display value="French-NIGER"/>
      </concept>
      <concept>
        <code value="fr-PF"/>
        <display value="French-FRENCH POLYNESIA"/>
      </concept>
      <concept>
        <code value="fr-PM"/>
        <display value="French-SAINT PIERRE AND MIQUELON"/>
      </concept>
      <concept>
        <code value="fr-RE"/>
        <display value="French-REUNION"/>
      </concept>
      <concept>
        <code value="fr-RW"/>
        <display value="French-RWANDA"/>
      </concept>
      <concept>
        <code value="fr-SC"/>
        <display value="French-SEYCHELLES"/>
      </concept>
      <concept>
        <code value="fr-SN"/>
        <display value="French-SENEGAL"/>
      </concept>
      <concept>
        <code value="fr-SY"/>
        <display value="French-SYRIAN ARAB REPUBLIC"/>
      </concept>
      <concept>
        <code value="fr-TD"/>
        <display value="French-CHAD"/>
      </concept>
      <concept>
        <code value="fr-TG"/>
        <display value="French-TOGO"/>
      </concept>
      <concept>
        <code value="fr-TN"/>
        <display value="French-TUNISIA"/>
      </concept>
      <concept>
        <code value="fr-VU"/>
        <display value="French-VANUATU"/>
      </concept>
      <concept>
        <code value="fr-WF"/>
        <display value="French-WALLIS AND FUTUNA"/>
      </concept>
      <concept>
        <code value="fr-YT"/>
        <display value="French-MAYOTTE"/>
      </concept>
      <concept>
        <code value="fy-NL"/>
        <display value="Western Frisian-NETHERLANDS"/>
      </concept>
      <concept>
        <code value="ga-IE"/>
        <display value="Irish-IRELAND"/>
      </concept>
      <concept>
        <code value="gd-GB"/>
        <display value="Gaelic; Scottish Gaelic-UNITED KINGDOM OF GREAT BRITAIN AND NORTHERN IRELAND"/>
      </concept>
      <concept>
        <code value="gl-ES"/>
        <display value="Galician-SPAIN"/>
      </concept>
      <concept>
        <code value="gu-IN"/>
        <display value="Gujarati-INDIA"/>
      </concept>
      <concept>
        <code value="gv-IM"/>
        <display value="Manx-ISLE OF MAN"/>
      </concept>
      <concept>
        <code value="ha-GH"/>
        <display value="Hausa-GHANA"/>
      </concept>
      <concept>
        <code value="ha-NE"/>
        <display value="Hausa-NIGER"/>
      </concept>
      <concept>
        <code value="ha-NG"/>
        <display value="Hausa-NIGERIA"/>
      </concept>
      <concept>
        <code value="he-IL"/>
        <display value="Hebrew-ISRAEL"/>
      </concept>
      <concept>
        <code value="hi-IN"/>
        <display value="Hindi-INDIA"/>
      </concept>
      <concept>
        <code value="hr-BA"/>
        <display value="Croatian-BOSNIA AND HERZEGOVINA"/>
      </concept>
      <concept>
        <code value="hr-HR"/>
        <display value="Croatian-CROATIA"/>
      </concept>
      <concept>
        <code value="hu-HU"/>
        <display value="Hungarian-HUNGARY"/>
      </concept>
      <concept>
        <code value="hy-AM"/>
        <display value="Armenian-ARMENIA"/>
      </concept>
      <concept>
        <code value="id-ID"/>
        <display value="Indonesian-INDONESIA"/>
      </concept>
      <concept>
        <code value="ig-NG"/>
        <display value="Igbo-NIGERIA"/>
      </concept>
      <concept>
        <code value="ii-CN"/>
        <display value="Sichuan Yi; Nuosu-CHINA"/>
      </concept>
      <concept>
        <code value="is-IS"/>
        <display value="Icelandic-ICELAND"/>
      </concept>
      <concept>
        <code value="it-CH"/>
        <display value="Italian-SWITZERLAND"/>
      </concept>
      <concept>
        <code value="it-IT"/>
        <display value="Italian-ITALY"/>
      </concept>
      <concept>
        <code value="it-SM"/>
        <display value="Italian-SAN MARINO"/>
      </concept>
      <concept>
        <code value="ja-JP"/>
        <display value="Japanese-JAPAN"/>
      </concept>
      <concept>
        <code value="ka-GE"/>
        <display value="Georgian-GEORGIA"/>
      </concept>
      <concept>
        <code value="ki-KE"/>
        <display value="Kikuyu; Gikuyu-KENYA"/>
      </concept>
      <concept>
        <code value="kk-KZ"/>
        <display value="Kazakh-KAZAKHSTAN"/>
      </concept>
      <concept>
        <code value="kl-GL"/>
        <display value="Kalaallisut; Greenlandic-GREENLAND"/>
      </concept>
      <concept>
        <code value="km-KH"/>
        <display value="Central Khmer-CAMBODIA"/>
      </concept>
      <concept>
        <code value="kn-IN"/>
        <display value="Kannada-INDIA"/>
      </concept>
      <concept>
        <code value="ko-KP"/>
        <display value="Korean-KOREA (DEMOCRATIC PEOPLE'S REPUBLIC OF)"/>
      </concept>
      <concept>
        <code value="ko-KR"/>
        <display value="Korean-KOREA, REPUBLIC OF"/>
      </concept>
      <concept>
        <code value="ks-IN"/>
        <display value="Kashmiri-INDIA"/>
      </concept>
      <concept>
        <code value="kw-GB"/>
        <display value="Cornish-UNITED KINGDOM OF GREAT BRITAIN AND NORTHERN IRELAND"/>
      </concept>
      <concept>
        <code value="ky-KG"/>
        <display value="Kirghiz; Kyrgyz-KYRGYZSTAN"/>
      </concept>
      <concept>
        <code value="lb-LU"/>
        <display value="Luxembourgish; Letzeburgesch-LUXEMBOURG"/>
      </concept>
      <concept>
        <code value="lg-UG"/>
        <display value="Ganda-UGANDA"/>
      </concept>
      <concept>
        <code value="ln-AO"/>
        <display value="Lingala-ANGOLA"/>
      </concept>
      <concept>
        <code value="ln-CD"/>
        <display value="Lingala-CONGO, DEMOCRATIC REPUBLIC OF"/>
      </concept>
      <concept>
        <code value="ln-CF"/>
        <display value="Lingala-CENTRAL AFRICAN REPUBLIC"/>
      </concept>
      <concept>
        <code value="ln-CG"/>
        <display value="Lingala-CONGO"/>
      </concept>
      <concept>
        <code value="lo-LA"/>
        <display value="Lao-LAO PEOPLE'S DEMOCRATIC REPUBLIC"/>
      </concept>
      <concept>
        <code value="lt-LT"/>
        <display value="Lithuanian-LITHUANIA"/>
      </concept>
      <concept>
        <code value="lu-CD"/>
        <display value="Luba-Katanga-CONGO, DEMOCRATIC REPUBLIC OF"/>
      </concept>
      <concept>
        <code value="lv-LV"/>
        <display value="Latvian-LATVIA"/>
      </concept>
      <concept>
        <code value="mg-MG"/>
        <display value="Malagasy-MADAGASCAR"/>
      </concept>
      <concept>
        <code value="mk-MK"/>
        <display value="Macedonian-MACEDONIA, THE FORMER YUGOSLAV REPUBLIC OF"/>
      </concept>
      <concept>
        <code value="ml-IN"/>
        <display value="Malayalam-INDIA"/>
      </concept>
      <concept>
        <code value="mn-MN"/>
        <display value="Mongolian-MONGOLIA"/>
      </concept>
      <concept>
        <code value="mr-IN"/>
        <display value="Marathi-INDIA"/>
      </concept>
      <concept>
        <code value="ms-BN"/>
        <display value="Malay-BRUNEI DARUSSALAM"/>
      </concept>
      <concept>
        <code value="ms-MY"/>
        <display value="Malay-MALAYSIA"/>
      </concept>
      <concept>
        <code value="ms-SG"/>
        <display value="Malay-SINGAPORE"/>
      </concept>
      <concept>
        <code value="mt-MT"/>
        <display value="Maltese-MALTA"/>
      </concept>
      <concept>
        <code value="my-MM"/>
        <display value="Burmese-MYANMAR"/>
      </concept>
      <concept>
        <code value="nb-NO"/>
        <display value="Bokmål, Norwegian; Norwegian Bokmål-NORWAY"/>
      </concept>
      <concept>
        <code value="nb-SJ"/>
        <display value="Bokmål, Norwegian; Norwegian Bokmål-SVALBARD AND JAN MAYEN"/>
      </concept>
      <concept>
        <code value="nd-ZW"/>
        <display value="Ndebele, North; North Ndebele-ZIMBABWE"/>
      </concept>
      <concept>
        <code value="ne-IN"/>
        <display value="Nepali-INDIA"/>
      </concept>
      <concept>
        <code value="ne-NP"/>
        <display value="Nepali-NEPAL"/>
      </concept>
      <concept>
        <code value="nl-AW"/>
        <display value="Dutch; Flemish-ARUBA"/>
      </concept>
      <concept>
        <code value="nl-BE"/>
        <display value="Dutch; Flemish-BELGIUM"/>
      </concept>
      <concept>
        <code value="nl-BQ"/>
        <display value="Dutch; Flemish-BONAIRE, SINT EUSTATIUS AND SABA"/>
      </concept>
      <concept>
        <code value="nl-CW"/>
        <display value="Dutch; Flemish-CURAÇAO"/>
      </concept>
      <concept>
        <code value="nl-NL"/>
        <display value="Dutch; Flemish-NETHERLANDS"/>
      </concept>
      <concept>
        <code value="nl-SR"/>
        <display value="Dutch; Flemish-SURINAME"/>
      </concept>
      <concept>
        <code value="nl-SX"/>
        <display value="Dutch; Flemish-SINT MAARTEN (DUTCH PART)"/>
      </concept>
      <concept>
        <code value="nn-NO"/>
        <display value="Norwegian Nynorsk; Nynorsk, Norwegian-NORWAY"/>
      </concept>
      <concept>
        <code value="om-ET"/>
        <display value="Oromo-ETHIOPIA"/>
      </concept>
      <concept>
        <code value="om-KE"/>
        <display value="Oromo-KENYA"/>
      </concept>
      <concept>
        <code value="or-IN"/>
        <display value="Oriya-INDIA"/>
      </concept>
      <concept>
        <code value="os-GE"/>
        <display value="Ossetian; Ossetic-GEORGIA"/>
      </concept>
      <concept>
        <code value="os-RU"/>
        <display value="Ossetian; Ossetic-RUSSIAN FEDERATION"/>
      </concept>
      <concept>
        <code value="pa-PK"/>
        <display value="Panjabi; Punjabi-PAKISTAN"/>
      </concept>
      <concept>
        <code value="pa-IN"/>
        <display value="Panjabi; Punjabi-INDIA"/>
      </concept>
      <concept>
        <code value="pl-PL"/>
        <display value="Polish-POLAND"/>
      </concept>
      <concept>
        <code value="ps-AF"/>
        <display value="Pushto; Pashto-AFGHANISTAN"/>
      </concept>
      <concept>
        <code value="pt-AO"/>
        <display value="Portuguese-ANGOLA"/>
      </concept>
      <concept>
        <code value="pt-BR"/>
        <display value="Portuguese-BRAZIL"/>
      </concept>
      <concept>
        <code value="pt-CV"/>
        <display value="Portuguese-CAPE VERDE"/>
      </concept>
      <concept>
        <code value="pt-GW"/>
        <display value="Portuguese-GUINEA-BISSAU"/>
      </concept>
      <concept>
        <code value="pt-MO"/>
        <display value="Portuguese-MACAO"/>
      </concept>
      <concept>
        <code value="pt-MZ"/>
        <display value="Portuguese-MOZAMBIQUE"/>
      </concept>
      <concept>
        <code value="pt-PT"/>
        <display value="Portuguese-PORTUGAL"/>
      </concept>
      <concept>
        <code value="pt-ST"/>
        <display value="Portuguese-SAO TOME AND PRINCIPE"/>
      </concept>
      <concept>
        <code value="pt-TL"/>
        <display value="Portuguese-TIMOR-LESTE"/>
      </concept>
      <concept>
        <code value="qu-BO"/>
        <display value="Quechua-BOLIVIA (PLURINATIONAL STATE OF)"/>
      </concept>
      <concept>
        <code value="qu-EC"/>
        <display value="Quechua-ECUADOR"/>
      </concept>
      <concept>
        <code value="qu-PE"/>
        <display value="Quechua-PERU"/>
      </concept>
      <concept>
        <code value="rm-CH"/>
        <display value="Romansh-SWITZERLAND"/>
      </concept>
      <concept>
        <code value="rn-BI"/>
        <display value="Rundi-BURUNDI"/>
      </concept>
      <concept>
        <code value="ro-MD"/>
        <display value="Romanian; Moldavian; Moldovan-MOLDOVA, REPUBLIC OF"/>
      </concept>
      <concept>
        <code value="ro-RO"/>
        <display value="Romanian; Moldavian; Moldovan-ROMANIA"/>
      </concept>
      <concept>
        <code value="ru-BY"/>
        <display value="Russian-BELARUS"/>
      </concept>
      <concept>
        <code value="ru-KG"/>
        <display value="Russian-KYRGYZSTAN"/>
      </concept>
      <concept>
        <code value="ru-KZ"/>
        <display value="Russian-KAZAKHSTAN"/>
      </concept>
      <concept>
        <code value="ru-MD"/>
        <display value="Russian-MOLDOVA, REPUBLIC OF"/>
      </concept>
      <concept>
        <code value="ru-RU"/>
        <display value="Russian-RUSSIAN FEDERATION"/>
      </concept>
      <concept>
        <code value="ru-UA"/>
        <display value="Russian-UKRAINE"/>
      </concept>
      <concept>
        <code value="rw-RW"/>
        <display value="Kinyarwanda-RWANDA"/>
      </concept>
      <concept>
        <code value="se-FI"/>
        <display value="Northern Sami-FINLAND"/>
      </concept>
      <concept>
        <code value="se-NO"/>
        <display value="Northern Sami-NORWAY"/>
      </concept>
      <concept>
        <code value="se-SE"/>
        <display value="Northern Sami-SWEDEN"/>
      </concept>
      <concept>
        <code value="sg-CF"/>
        <display value="Sango-CENTRAL AFRICAN REPUBLIC"/>
      </concept>
      <concept>
        <code value="si-LK"/>
        <display value="Sinhala; Sinhalese-SRI LANKA"/>
      </concept>
      <concept>
        <code value="sk-SK"/>
        <display value="Slovak-SLOVAKIA"/>
      </concept>
      <concept>
        <code value="sl-SI"/>
        <display value="Slovenian-SLOVENIA"/>
      </concept>
      <concept>
        <code value="sn-ZW"/>
        <display value="Shona-ZIMBABWE"/>
      </concept>
      <concept>
        <code value="so-DJ"/>
        <display value="Somali-DJIBOUTI"/>
      </concept>
      <concept>
        <code value="so-ET"/>
        <display value="Somali-ETHIOPIA"/>
      </concept>
      <concept>
        <code value="so-KE"/>
        <display value="Somali-KENYA"/>
      </concept>
      <concept>
        <code value="so-SO"/>
        <display value="Somali-SOMALIA"/>
      </concept>
      <concept>
        <code value="sq-AL"/>
        <display value="Albanian-ALBANIA"/>
      </concept>
      <concept>
        <code value="sq-MK"/>
        <display value="Albanian-MACEDONIA, THE FORMER YUGOSLAV REPUBLIC OF"/>
      </concept>
      <concept>
        <code value="sr-BA"/>
        <display value="Serbian-BOSNIA AND HERZEGOVINA"/>
      </concept>
      <concept>
        <code value="sr-ME"/>
        <display value="Serbian-MONTENEGRO"/>
      </concept>
      <concept>
        <code value="sr-RS"/>
        <display value="Serbian-SERBIA"/>
      </concept>
      <concept>
        <code value="sv-AX"/>
        <display value="Swedish-ÅLAND ISLANDS"/>
      </concept>
      <concept>
        <code value="sv-FI"/>
        <display value="Swedish-FINLAND"/>
      </concept>
      <concept>
        <code value="sv-SE"/>
        <display value="Swedish-SWEDEN"/>
      </concept>
      <concept>
        <code value="sw-CD"/>
        <display value="Swahili-CONGO, DEMOCRATIC REPUBLIC OF"/>
      </concept>
      <concept>
        <code value="sw-KE"/>
        <display value="Swahili-KENYA"/>
      </concept>
      <concept>
        <code value="sw-TZ"/>
        <display value="Swahili-TANZANIA, UNITED REPUBLIC OF"/>
      </concept>
      <concept>
        <code value="sw-UG"/>
        <display value="Swahili-UGANDA"/>
      </concept>
      <concept>
        <code value="ta-IN"/>
        <display value="Tamil-INDIA"/>
      </concept>
      <concept>
        <code value="ta-LK"/>
        <display value="Tamil-SRI LANKA"/>
      </concept>
      <concept>
        <code value="ta-MY"/>
        <display value="Tamil-MALAYSIA"/>
      </concept>
      <concept>
        <code value="ta-SG"/>
        <display value="Tamil-SINGAPORE"/>
      </concept>
      <concept>
        <code value="te-IN"/>
        <display value="Telugu-INDIA"/>
      </concept>
      <concept>
        <code value="th-TH"/>
        <display value="Thai-THAILAND"/>
      </concept>
      <concept>
        <code value="ti-ER"/>
        <display value="Tigrinya-ERITREA"/>
      </concept>
      <concept>
        <code value="ti-ET"/>
        <display value="Tigrinya-ETHIOPIA"/>
      </concept>
      <concept>
        <code value="to-TO"/>
        <display value="Tonga (Tonga Islands)-TONGA"/>
      </concept>
      <concept>
        <code value="tr-CY"/>
        <display value="Turkish-CYPRUS"/>
      </concept>
      <concept>
        <code value="tr-TR"/>
        <display value="Turkish-TURKEY"/>
      </concept>
      <concept>
        <code value="ug-CN"/>
        <display value="Uighur; Uyghur-CHINA"/>
      </concept>
      <concept>
        <code value="uk-UA"/>
        <display value="Ukrainian-UKRAINE"/>
      </concept>
      <concept>
        <code value="ur-IN"/>
        <display value="Urdu-INDIA"/>
      </concept>
      <concept>
        <code value="ur-PK"/>
        <display value="Urdu-PAKISTAN"/>
      </concept>
      <concept>
        <code value="uz-AF"/>
        <display value="Uzbek-AFGHANISTAN"/>
      </concept>
      <concept>
        <code value="uz-UZ"/>
        <display value="Uzbek-UZBEKISTAN"/>
      </concept>
      <concept>
        <code value="vi-VN"/>
        <display value="Vietnamese-VIET NAM"/>
      </concept>
      <concept>
        <code value="yo-BJ"/>
        <display value="Yoruba-BENIN"/>
      </concept>
      <concept>
        <code value="yo-NG"/>
        <display value="Yoruba-NIGERIA"/>
      </concept>
      <concept>
        <code value="zh-CN"/>
        <display value="Chinese-CHINA"/>
      </concept>
      <concept>
        <code value="zh-HK"/>
        <display value="Chinese-HONG KONG"/>
      </concept>
      <concept>
        <code value="zh-MO"/>
        <display value="Chinese-MACAO"/>
      </concept>
      <concept>
        <code value="zh-SG"/>
        <display value="Chinese-SINGAPORE"/>
      </concept>
      <concept>
        <code value="zh-TW"/>
        <display value="Chinese-TAIWAN, PROVINCE OF CHINA"/>
      </concept>
      <concept>
        <code value="zu-ZA"/>
        <display value="Zulu-SOUTH AFRICA"/>
      </concept>
      <concept>
        <code value="no-NO"/>
        <display value="Norwegian-NORWAY"/>
      </concept>
    </include>
  </compose>
</ValueSet>