<?xml version="1.0" encoding="UTF-8"?>

<ValueSet xmlns="http://hl7.org/fhir">
  <id value="eHDSIOutcomeOfPregnancy-8.1.0"/>
  <url value="http://terminology.ehdsi.eu/ValueSet/eHDSIOutcomeOfPregnancy"/>
  <identifier>
    <system value="urn:ietf:rfc:3986"/>
    <value value="urn:oid:1.3.6.1.4.1.12559.11.10.1.3.1.42.62"/>
  </identifier>
  <version value="0.2.0"/>
  <name value="eHDSIOutcomeOfPregnancy"/>
  <title value="eHDSI Outcome of Pregnancy"/>
  <status value="active"/>
  <experimental value="false"/>
  <date value="2025-12-23T10:21:27+00:00"/>
  <publisher value="HL7 Europe"/>
  <contact>
    <name value="HL7 Europe"/>
    <telecom>
      <system value="url"/>
      <value value="http://hl7europe.org"/>
    </telecom>
  </contact>
  <description value="The Value Set is used to code the outcome of previous pregnancy"/>
  <compose>
    <include>
      <system value="http://snomed.info/sct"/>
      <concept>
        <code value="34801009"/>
        <display value="Ectopic pregnancy"/>
      </concept>
      <concept>
        <code value="417044008"/>
        <display value="Hydatidiform mole, benign"/>
      </concept>
      <concept>
        <code value="276507005"/>
        <display value="Fetal death"/>
      </concept>
      <concept>
        <code value="281050002"/>
        <display value="Livebirth"/>
      </concept>
      <concept>
        <code value="17369002"/>
        <display value="Miscarriage"/>
      </concept>
      <concept>
        <code value="276506001"/>
        <display value="Newborn death"/>
      </concept>
      <concept>
        <code value="237364002"/>
        <display value="Stillbirth"/>
      </concept>
      <concept>
        <code value="57797005"/>
        <display value="Termination of pregnancy"/>
      </concept>
    </include>
  </compose>
</ValueSet>