<?xml version="1.0" encoding="UTF-8"?>

<ValueSet xmlns="http://hl7.org/fhir">
  <id value="eHDSIMedicalImagingReportType-8.1.0"/>
  <url value="http://terminology.ehdsi.eu/ValueSet/eHDSIMedicalImagingReportType"/>
  <identifier>
    <system value="urn:ietf:rfc:3986"/>
    <value value="urn:oid:1.3.6.1.4.1.12559.11.10.1.3.1.42.54"/>
  </identifier>
  <version value="0.2.0"/>
  <name value="eHDSIMedicalImagingReportType"/>
  <title value="eHDSI Medical Imaging Report Type"/>
  <status value="active"/>
  <experimental value="false"/>
  <date value="2025-12-23T10:21:27+00:00"/>
  <publisher value="HL7 Europe"/>
  <contact>
    <name value="HL7 Europe"/>
    <telecom>
      <system value="url"/>
      <value value="http://hl7europe.org"/>
    </telecom>
  </contact>
  <compose>
    <include>
      <system value="http://loinc.org"/>
      <concept>
        <code value="18748-4"/>
        <display value="Diagnostic imaging study"/>
      </concept>
    </include>
  </compose>
</ValueSet>