{
  "resourceType" : "ValueSet",
  "id" : "eHDSIStatusCode-8.1.0",
  "url" : "http://terminology.ehdsi.eu/ValueSet/eHDSIStatusCode",
  "identifier" : [{
    "system" : "urn:ietf:rfc:3986",
    "value" : "urn:oid:1.3.6.1.4.1.12559.11.10.1.3.1.42.15"
  }],
  "version" : "0.2.0",
  "name" : "eHDSIStatusCode",
  "title" : "eHDSI Status Code",
  "status" : "active",
  "experimental" : false,
  "date" : "2025-12-23T10:21:27+00:00",
  "publisher" : "HL7 Europe",
  "contact" : [{
    "name" : "HL7 Europe",
    "telecom" : [{
      "system" : "url",
      "value" : "http://hl7europe.org"
    }]
  }],
  "description" : "The Value Set is used to code the different elements of the patient's social history.",
  "compose" : {
    "include" : [{
      "system" : "http://snomed.info/sct",
      "concept" : [{
        "code" : "55561003",
        "display" : "Active"
      },
      {
        "code" : "90734009",
        "display" : "Chronic"
      },
      {
        "code" : "73425007",
        "display" : "Inactive"
      },
      {
        "code" : "7087005",
        "display" : "Intermittent"
      },
      {
        "code" : "410516002",
        "display" : "Known absent"
      },
      {
        "code" : "413322009",
        "display" : "Problem resolved"
      },
      {
        "code" : "255227004",
        "display" : "Recurrent"
      },
      {
        "code" : "415684004",
        "display" : "Suspected"
      }]
    }]
  }
}