<?xml version="1.0" encoding="UTF-8"?>

<ValueSet xmlns="http://hl7.org/fhir">
  <id value="eHDSISocialHistory-8.1.0"/>
  <url value="http://terminology.ehdsi.eu/ValueSet/eHDSISocialHistory"/>
  <identifier>
    <system value="urn:ietf:rfc:3986"/>
    <value value="urn:oid:1.3.6.1.4.1.12559.11.10.1.3.1.42.14"/>
  </identifier>
  <version value="0.2.0"/>
  <name value="eHDSISocialHistory"/>
  <title value="eHDSI Social History"/>
  <status value="active"/>
  <experimental value="false"/>
  <date value="2025-12-23T10:21:27+00:00"/>
  <publisher value="HL7 Europe"/>
  <contact>
    <name value="HL7 Europe"/>
    <telecom>
      <system value="url"/>
      <value value="http://hl7europe.org"/>
    </telecom>
  </contact>
  <description value="The Value Set is used to code the different elements of the patient's social history."/>
  <compose>
    <include>
      <system value="http://snomed.info/sct"/>
      <concept>
        <code value="364703007"/>
        <display value="Employment detail"/>
      </concept>
      <concept>
        <code value="256235009"/>
        <display value="Exercise"/>
      </concept>
      <concept>
        <code value="364393001"/>
        <display value="Nutritional observable"/>
      </concept>
      <concept>
        <code value="229819007"/>
        <display value="Tobacco use and exposure"/>
      </concept>
      <concept>
        <code value="425400000"/>
        <display value="Toxic exposure status"/>
      </concept>
      <concept>
        <code value="363908000"/>
        <display value="Details of drug misuse behaviour"/>
      </concept>
      <concept>
        <code value="228272008"/>
        <display value="Health-related behaviour"/>
      </concept>
      <concept>
        <code value="897148007"/>
        <display value="Alcoholic beverage intake"/>
      </concept>
    </include>
  </compose>
</ValueSet>