{
  "resourceType" : "ValueSet",
  "id" : "eHDSICurrentPregnancyStatus-8.1.0",
  "url" : "http://terminology.ehdsi.eu/ValueSet/eHDSICurrentPregnancyStatus",
  "identifier" : [{
    "system" : "urn:ietf:rfc:3986",
    "value" : "urn:oid:1.3.6.1.4.1.12559.11.10.1.3.1.42.60"
  }],
  "version" : "0.2.0",
  "name" : "eHDSICurrentPregnancyStatus",
  "title" : "eHDSI Current Pregnancy Status",
  "status" : "active",
  "experimental" : false,
  "date" : "2025-12-23T10:21:27+00:00",
  "publisher" : "HL7 Europe",
  "contact" : [{
    "name" : "HL7 Europe",
    "telecom" : [{
      "system" : "url",
      "value" : "http://hl7europe.org"
    }]
  }],
  "description" : "Value set is used to provide the woman's current state at the date the observation was made",
  "compose" : {
    "include" : [{
      "system" : "http://snomed.info/sct",
      "concept" : [{
        "code" : "77386006",
        "display" : "Pregnant"
      },
      {
        "code" : "60001007",
        "display" : "Not pregnant"
      },
      {
        "code" : "261665006",
        "display" : "Unknown"
      },
      {
        "code" : "102876002",
        "display" : "Multigravida"
      },
      {
        "code" : "127364007",
        "display" : "Primigravida"
      }]
    }]
  }
}