<?xml version="1.0" encoding="UTF-8"?><ValueSet xmlns="http://hl7.org/fhir"><id value="eHDSICodeProb"/><url value="http://hl7europe.org/fhir/terminology/ehdsi/ValueSet/eHDSICodeProb"/><identifier><system value="urn:ietf:rfc:3986"/><value value="urn:uuid:1.3.6.1.4.1.12559.11.10.1.3.1.42.23"/></identifier><version value="0.2.0"/><name value="eHDSICodeProb"/><title value="eHDSI Code Prob"/><status value="draft"/><experimental value="false"/><date value="2025-02-08T05:43:06+00:00"/><publisher value="HL7 Europe"/><contact><name value="HL7 Europe"/><telecom><system value="url"/><value value="http://hl7europe.org"/></telecom></contact><description value="The Value Set is used as an optional description of a problem in the patient Summary. It gives an information on the circumstances under which the problem was defined/discovered."/><compose><include><system value="http://snomed.info/sct"/><concept><code value="404684003"/><display value="Clinical finding"/></concept><concept><code value="409586006"/><display value="Complaint"/></concept><concept><code value="282291009"/><display value="Diagnosis interpretation"/></concept><concept><code value="64572001"/><display value="Disease"/></concept><concept><code value="248536006"/><display value="Finding of functional performance and activity"/></concept><concept><code value="418799008"/><display value="Finding reported by subject or history provider"/></concept><concept><code value="55607006"/><display value="Problem"/></concept></include></compose></ValueSet>