<?xml version="1.0" encoding="UTF-8"?><ValueSet xmlns="http://hl7.org/fhir"><id value="eHDSICurrentPregnancyStatus"/><url value="http://hl7europe.org/fhir/terminology/ehdsi/ValueSet/eHDSICurrentPregnancyStatus"/><identifier><system value="urn:ietf:rfc:3986"/><value value="urn:uuid:1.3.6.1.4.1.12559.11.10.1.3.1.42.60"/></identifier><version value="0.2.0"/><name value="eHDSICurrentPregnancyStatus"/><title value="eHDSI Current Pregnancy Status"/><status value="draft"/><experimental value="false"/><date value="2025-02-08T05:43:06+00:00"/><publisher value="HL7 Europe"/><contact><name value="HL7 Europe"/><telecom><system value="url"/><value value="http://hl7europe.org"/></telecom></contact><description value="Value set is used to provide the woman's current state at the date the observation was made"/><compose><include><system value="http://snomed.info/sct"/><concept><code value="77386006"/><display value="Pregnant"/></concept><concept><code value="60001007"/><display value="Not pregnant"/></concept><concept><code value="261665006"/><display value="Unknown"/></concept><concept><code value="102876002"/><display value="Multigravida"/></concept><concept><code value="127364007"/><display value="Primigravida"/></concept></include></compose></ValueSet>