<?xml version="1.0" encoding="UTF-8"?><ValueSet xmlns="http://hl7.org/fhir"><id value="eHDSIPresenceAbsence"/><url value="http://hl7europe.org/fhir/terminology/ehdsi/ValueSet/eHDSIPresenceAbsence"/><identifier><system value="urn:ietf:rfc:3986"/><value value="urn:uuid:1.3.6.1.4.1.12559.11.10.1.3.1.42.77"/></identifier><version value="0.2.0"/><name value="eHDSIPresenceAbsence"/><title value="eHDSI Presence Absence"/><status value="draft"/><experimental value="false"/><date value="2025-02-08T05:43:06+00:00"/><publisher value="HL7 Europe"/><contact><name value="HL7 Europe"/><telecom><system value="url"/><value value="http://hl7europe.org"/></telecom></contact><description value="The Value Set is used to describe presence and absence findings (qualifier values) of the Laboratory Test Results"/><compose><include><system value="http://snomed.info/sct"/><concept><code value="441614007"/><display value="Present one plus out of three plus"/></concept><concept><code value="441521003"/><display value="Present three plus out of three plus"/></concept><concept><code value="441517005"/><display value="Present two plus out of three plus"/></concept><concept><code value="260415000"/><display value="Not detected"/></concept><concept><code value="260392004"/><display value="Non-patent"/></concept><concept><code value="260385009"/><display value="Negative"/></concept><concept><code value="260373001"/><display value="Detected"/></concept><concept><code value="260350009"/><display value="++++"/></concept><concept><code value="260349009"/><display value="+++"/></concept><concept><code value="260348001"/><display value="++"/></concept><concept><code value="260347006"/><display value="+"/></concept><concept><code value="52101004"/><display value="Present"/></concept><concept><code value="10828004"/><display value="Positive"/></concept><concept><code value="2667000"/><display value="Absent"/></concept><concept><code value="895231008"/><display value="Not detected in pooled specimen"/></concept><concept><code value="720735008"/><display value="Presumptive positive"/></concept><concept><code value="373067005"/><display value="No"/></concept><concept><code value="373066001"/><display value="Yes"/></concept><concept><code value="264887000"/><display value="Not isolated"/></concept><concept><code value="264868006"/><display value="No growth"/></concept><concept><code value="260413007"/><display value="None"/></concept><concept><code value="260408008"/><display value="Weakly positive"/></concept><concept><code value="260405006"/><display value="Trace"/></concept><concept><code value="260389003"/><display value="No reaction"/></concept><concept><code value="46651001"/><display value="Isolated"/></concept><concept><code value="419984006"/><display value="Inconclusive"/></concept><concept><code value="42425007"/><display value="Equivocal"/></concept><concept><code value="82334004"/><display value="Indeterminate"/></concept><concept><code value="62482003"/><display value="Low"/></concept><concept><code value="11214006"/><display value="Reactive"/></concept><concept><code value="131194007"/><display value="Non-Reactive"/></concept><concept><code value="280416009"/><display value="Indeterminate result"/></concept><concept><code value="75540009"/><display value="High"/></concept><concept><code value="455371000124106"/><display value="Invalid result"/></concept><concept><code value="89292003"/><display value="Rare"/></concept><concept><code value="262008008"/><display value="Not performed"/></concept><concept><code value="17621005"/><display value="Normal"/></concept><concept><code value="277025001"/><display value="Proven"/></concept></include></compose></ValueSet>