<?xml version="1.0" encoding="UTF-8"?><ValueSet xmlns="http://hl7.org/fhir"><id value="eHDSILabTechnique"/><url value="http://hl7europe.org/fhir/terminology/ehdsi/ValueSet/eHDSILabTechnique"/><identifier><system value="urn:ietf:rfc:3986"/><value value="urn:uuid:1.3.6.1.4.1.12559.11.10.1.3.1.42.79"/></identifier><version value="0.2.0"/><name value="eHDSILabTechnique"/><title value="eHDSI Laboratory Technique"/><status value="draft"/><experimental value="false"/><date value="2025-02-08T05:43:06+00:00"/><publisher value="HL7 Europe"/><contact><name value="HL7 Europe"/><telecom><system value="url"/><value value="http://hl7europe.org"/></telecom></contact><description value="This Value Set is used to encode laboratory technique for the result measurement"/><compose><include><system value="http://snomed.info/sct"/><concept><code value="702873001"/><display value="Calculation technique"/></concept></include></compose></ValueSet>