<?xml version="1.0" encoding="UTF-8"?><ValueSet xmlns="http://hl7.org/fhir"><id value="eHDSIAnimalSpecies"/><url value="http://hl7europe.org/fhir/terminology/ehdsi/ValueSet/eHDSIAnimalSpecies"/><identifier><system value="urn:ietf:rfc:3986"/><value value="urn:uuid:1.3.6.1.4.1.12559.11.10.1.3.1.42.72"/></identifier><version value="0.2.0"/><name value="eHDSIAnimalSpecies"/><title value="eHDSI Animal Species"/><status value="draft"/><experimental value="false"/><date value="2025-02-08T05:43:06+00:00"/><publisher value="HL7 Europe"/><contact><name value="HL7 Europe"/><telecom><system value="url"/><value value="http://hl7europe.org"/></telecom></contact><description value="The Value Set is used to code the animal species of specimen subject (animal of the patient)"/><compose><include><system value="http://snomed.info/sct"/><concept><code value="125097000"/><display value="Capra hircus"/></concept><concept><code value="125099002"/><display value="Ovis aries"/></concept><concept><code value="34618005"/><display value="Bos taurus"/></concept><concept><code value="388445009"/><display value="Equus"/></concept><concept><code value="125076001"/><display value="Domestic Guinea pig"/></concept><concept><code value="448169003"/><display value="Domestic cat"/></concept><concept><code value="448771007"/><display value="Domestic dog"/></concept></include></compose></ValueSet>